country,region,city,ip,last visit
United States,Montana,Missoula,166.7.27.154,2016-07-05 20:59:08,
United States,Montana,Missoula,192.160.47.165,2016-07-05 20:39:00,
Chile,Santiago Metropolitan,Santiago,146.155.117.192,2016-07-05 20:05:22,
United States,,,70.212.38.197,2016-07-05 19:37:18,
United States,Arizona,Show Low,67.60.206.238,2016-07-05 18:59:55,
Canada,British Columbia,Victoria,142.27.7.126,2016-07-05 18:15:15,
United States,Oregon,Boardman,52.222.19.7,2016-07-05 17:54:42,
United States,Virginia,Herndon,160.111.254.17,2016-07-05 17:41:51,
United States,Washington,Seattle,199.116.169.254,2016-07-05 17:41:51,
United States,Montana,Missoula,192.160.47.208,2016-07-05 16:25:49,
Ireland,Leinster,Dublin,52.48.249.119,2016-07-05 15:36:37,
United States,Arizona,Flagstaff,24.121.95.24,2016-07-05 14:15:51,
Italy,,,159.213.57.68,2016-07-05 13:50:07,
United States,Montana,Missoula,192.160.47.156,2016-07-05 13:40:20,
Spain,Aragon,Zaragoza,80.36.210.53,2016-07-05 12:02:39,
Macedonia,Kumanovo,Kumanovo,31.11.81.69,2016-07-05 07:20:49,
United States,,,162.247.44.118,2016-07-05 03:02:00,
Chile,Santiago Metropolitan,Santiago,146.155.6.33,2016-07-05 00:52:03,
United States,,,70.212.40.163,2016-07-04 22:55:16,
United States,Montana,Missoula,72.174.68.194,2016-07-04 22:06:25,
France,,,82.127.22.233,2016-07-04 18:58:09,
United States,California,Riverside,170.144.100.198,2016-07-04 16:31:17,
Australia,New South Wales,City of Parramatta,121.217.31.137,2016-07-04 03:33:25,
Spain,Extremadura,Malpartida de Caceres,217.124.183.237,2016-07-03 16:26:31,
United States,Maryland,Silver Spring,140.90.75.204,2016-07-03 00:21:06,
United States,Idaho,,70.208.1.131,2016-07-02 20:30:56,
United States,Washington,Spokane,50.135.240.90,2016-07-02 18:00:16,
United States,Idaho,Lewiston,174.126.8.84,2016-07-02 17:01:31,
Republic of Korea,Seoul,Seoul,106.243.3.221,2016-07-02 05:40:36,
United States,Utah,,70.212.44.19,2016-07-02 04:13:12,
United States,Montana,Missoula,192.160.47.134,2016-07-01 21:17:11,
Japan,,,150.70.173.8,2016-07-01 19:36:35,
United States,Oregon,Salem,159.121.202.173,2016-07-01 19:34:43,
Chile,Santiago Metropolitan,Santiago,146.155.117.181,2016-07-01 18:32:31,
United States,California,Marina,98.234.23.230,2016-07-01 17:48:02,
United States,,,8.28.16.254,2016-07-01 13:27:38,
United States,Arizona,Pinedale,74.44.236.206,2016-07-01 04:39:10,
United States,,,96.88.80.141,2016-06-30 21:47:29,
United States,Montana,Missoula,166.7.26.171,2016-06-30 21:06:59,
United States,Idaho,,70.208.0.234,2016-06-30 15:20:02,
Japan,,,150.70.188.178,2016-06-30 14:43:24,
Canada,,,209.104.81.154,2016-06-30 14:41:41,
Japan,,,150.70.188.168,2016-06-30 13:08:33,
United States,Nebraska,Omaha,70.198.2.61,2016-06-30 12:58:57,
Spain,,,88.4.49.102,2016-06-30 09:26:19,
United States,Montana,Missoula,166.7.27.210,2016-06-29 22:41:21,
Japan,,,150.70.188.171,2016-06-29 18:57:25,
United States,California,Mammoth Lakes,162.252.90.66,2016-06-29 18:03:48,
Japan,,,150.70.173.42,2016-06-29 17:22:07,
United States,Montana,Missoula,63.153.65.228,2016-06-29 16:35:56,
United States,Idaho,Boise,96.18.9.128,2016-06-29 03:49:51,
Canada,British Columbia,Victoria,142.27.131.206,2016-06-28 21:20:36,
United States,Texas,,208.87.239.180,2016-06-28 19:51:44,
None,None,None,109.193.253.171,2016-06-28 07:14:03,
United States,,,63.226.95.13,2016-06-28 04:20:51,
United States,District of Columbia,Washington,165.83.47.253,2016-06-27 21:02:30,
United States,California,Riverside,170.144.98.119,2016-06-27 20:18:41,
United States,District of Columbia,Washington,166.2.97.133,2016-06-27 19:55:44,
United States,,,207.86.53.66,2016-06-27 16:26:14,
China,Beijing,Beijing,49.4.181.210,2016-06-27 12:01:07,
Italy,Trentino-Alto Adige,Trento,93.144.37.111,2016-06-27 07:26:06,
Macedonia,Veles,Veles,31.11.80.121,2016-06-27 07:22:40,
United States,North Carolina,Fayetteville,71.51.255.73,2016-06-27 03:55:39,
Germany,,,80.132.217.250,2016-06-26 18:25:58,
China,,,112.10.117.153,2016-06-26 13:47:51,
United States,California,Riverside,170.144.18.182,2016-06-25 22:07:03,
United States,District of Columbia,Washington,166.3.71.186,2016-06-25 19:44:14,
United States,Montana,Missoula,166.7.27.71,2016-06-25 15:27:33,
United States,New Mexico,Moriarty,68.66.89.8,2016-06-25 11:51:15,
United States,Alabama,Mobile,216.38.80.221,2016-06-25 11:42:47,
United States,Montana,Missoula,192.160.47.168,2016-06-24 23:22:30,
United States,Montana,Missoula,166.7.27.137,2016-06-24 19:05:47,
None,None,None,95.126.219.186,2016-06-24 17:52:53,
Spain,,,176.80.212.233,2016-06-24 15:15:04,
Japan,Saitama,Saitama,111.89.167.175,2016-06-24 11:37:34,
Egypt,Cairo Governorate,Cairo,197.246.28.220,2016-06-24 11:13:41,
None,None,None,80.132.217.113,2016-06-24 07:09:58,
United States,California,Santa Barbara,98.188.150.207,2016-06-24 04:18:19,
United States,,,50.25.206.212,2016-06-23 23:49:15,
United States,Montana,Missoula,166.7.27.178,2016-06-23 21:08:33,
None,None,None,80.132.216.8,2016-06-23 21:07:49,
None,None,None,166.7.27.224,2016-06-23 18:38:39,
Egypt,Cairo Governorate,Cairo,197.246.27.32,2016-06-23 18:08:37,
United States,Idaho,Moscow,64.126.160.161,2016-06-23 16:12:56,
Egypt,,,197.246.29.225,2016-06-23 15:47:45,
United States,Utah,Enterprise,209.33.223.55,2016-06-23 15:07:05,
None,None,None,66.109.152.178,2016-06-23 06:57:35,
None,None,None,70.197.76.105,2016-06-23 03:39:18,
United States,California,Union City,108.60.97.22,2016-06-23 00:07:59,
None,None,None,80.132.218.19,2016-06-22 20:53:52,
United States,Montana,Missoula,192.160.47.163,2016-06-22 18:31:37,
None,None,None,98.178.238.211,2016-06-22 17:56:28,
United States,Colorado,Denver,158.68.232.25,2016-06-22 14:30:23,
Spain,Aragon,Zaragoza,195.55.130.66,2016-06-22 11:00:52,
None,None,None,76.247.180.72,2016-06-22 02:45:52,
United States,Montana,Missoula,192.160.47.126,2016-06-21 21:52:52,
None,None,None,60.207.237.54,2016-06-21 05:37:19,
United States,Montana,Missoula,192.160.47.204,2016-06-20 21:02:34,
United States,Montana,Missoula,150.131.76.189,2016-06-20 18:37:15,
United States,Montana,Missoula,166.7.27.136,2016-06-20 18:22:12,
United States,California,Menifee,12.206.200.75,2016-06-20 05:58:06,
United States,California,Fountain Valley,98.189.160.110,2016-06-19 23:25:37,
Japan,,,150.70.188.166,2016-06-19 17:24:18,
Canada,Quebec,Val-d'Or,142.217.210.250,2016-06-19 17:23:03,
Japan,,,150.70.173.41,2016-06-19 17:08:26,
Portugal,,,188.250.105.170,2016-06-19 15:22:17,
China,Beijing,Beijing,219.239.227.203,2016-06-19 10:54:59,
United States,Colorado,Denver,164.159.60.2,2016-06-19 00:23:50,
United States,,,64.74.215.98,2016-06-18 23:35:48,
Spain,,,95.121.134.15,2016-06-18 09:41:07,
United States,California,Lathrop,70.211.68.180,2016-06-18 02:23:11,
United States,District of Columbia,Washington,166.3.199.236,2016-06-18 01:41:41,
Chile,Santiago Metropolitan,Santiago,163.247.40.160,2016-06-17 20:10:43,
United States,Montana,Missoula,192.160.47.192,2016-06-17 17:55:06,
Poland,Silesian Voivodeship,Katowice,155.158.244.96,2016-06-17 07:38:46,
United States,California,Dana Point,68.5.211.194,2016-06-17 06:35:58,
None,None,None,166.2.5.107,2016-06-16 23:30:33,
None,None,None,157.253.223.196,2016-06-16 22:07:20,
None,None,None,166.7.27.72,2016-06-16 20:56:54,
United States,,,50.207.184.2,2016-06-16 20:24:45,
United States,Utah,,70.208.7.159,2016-06-16 17:44:33,
United States,Oregon,Sandy,173.241.170.255,2016-06-16 17:03:05,
Chile,Santiago Metropolitan,Santiago,181.202.147.119,2016-06-16 16:44:45,
Latvia,Tukuma Rajons,Pure,81.198.79.114,2016-06-16 12:23:45,
Morocco,,,105.154.138.75,2016-06-16 11:04:26,
United States,Oregon,Philomath,69.59.217.42,2016-06-16 00:50:31,
Portugal,,,85.138.217.214,2016-06-15 21:46:56,
United States,Montana,Missoula,192.160.47.216,2016-06-15 19:22:36,
United States,Colorado,Denver,164.159.62.2,2016-06-15 18:00:47,
Canada,Alberta,Edmonton,129.128.55.200,2016-06-15 17:26:31,
Spain,Catalonia,Barcelona,158.109.124.5,2016-06-15 11:45:51,
Italy,,,5.170.111.120,2016-06-15 10:34:56,
Spain,Galicia,Pontevedra,77.27.230.59,2016-06-14 22:50:14,
United States,Montana,Missoula,192.160.47.199,2016-06-14 22:05:08,
United States,Washington,Pullman,69.166.47.97,2016-06-14 20:23:10,
Finland,North Karelia,Ylaemylly,62.240.76.161,2016-06-14 13:49:07,
United States,Montana,Missoula,166.7.27.97,2016-06-13 17:18:27,
United States,Montana,Missoula,166.7.47.137,2016-06-13 15:30:32,
United States,Montana,Missoula,166.7.27.20,2016-06-13 14:59:56,
Slovenia,,,193.2.44.182,2016-06-13 13:28:50,
Italy,Tuscany,Florence,5.170.107.59,2016-06-13 12:06:50,
Japan,,,106.187.94.205,2016-06-13 02:06:03,
United States,Arizona,Tempe,98.163.60.222,2016-06-12 15:28:05,
United States,Montana,Missoula,192.160.47.175,2016-06-10 22:04:59,
United States,District of Columbia,Washington,166.5.36.17,2016-06-10 19:26:30,
United States,Montana,Missoula,166.7.27.80,2016-06-10 17:29:10,
United States,Maryland,Crofton,170.144.126.40,2016-06-10 04:10:20,
Australia,Queensland,Cooroy Mountain,58.165.84.184,2016-06-10 04:02:11,
United States,Washington,Seattle,67.171.27.1,2016-06-09 01:56:47,
United States,Washington,Seattle,70.199.141.215,2016-06-08 23:38:24,
Canada,Alberta,Edmonton,142.229.115.118,2016-06-08 22:27:47,
United States,Montana,Missoula,192.160.47.129,2016-06-08 20:13:33,
United States,District of Columbia,Washington,166.2.47.198,2016-06-08 14:03:11,
Portugal,,,213.22.84.165,2016-06-08 10:59:03,
None,None,None,83.49.214.162,2016-06-08 06:23:48,
United States,Arizona,Young,184.170.188.6,2016-06-08 00:22:11,
United States,Montana,Missoula,166.7.26.162,2016-06-07 22:29:54,
United States,Maine,Portland,141.114.158.209,2016-06-07 18:38:41,
United States,Washington,Seattle,54.240.196.185,2016-06-07 17:30:27,
United States,California,Riverside,170.144.17.136,2016-06-06 22:34:43,
United States,District of Columbia,Washington,166.6.32.180,2016-06-06 21:53:44,
None,None,None,166.7.27.166,2016-06-06 19:03:39,
France,,,82.239.24.133,2016-06-06 16:53:08,
United States,District of Columbia,Washington,166.3.59.150,2016-06-06 00:46:27,
United States,New Mexico,Silver City,166.3.47.200,2016-06-05 18:39:36,
United States,,,67.45.97.165,2016-06-05 18:03:55,
United States,,,67.45.96.165,2016-06-05 17:52:45,
Spain,Andalusia,Cordova,217.216.145.5,2016-06-05 15:17:41,
United States,California,Hemet,96.229.150.33,2016-06-04 22:02:38,
United States,California,Vallecito,104.218.36.225,2016-06-04 16:37:42,
United States,Montana,Missoula,69.145.148.185,2016-06-04 06:54:58,
United States,Montana,Missoula,192.160.47.194,2016-06-03 22:38:01,
United Kingdom,England,Nottingham,92.11.42.231,2016-06-03 19:54:37,
United States,Montana,Missoula,166.7.27.171,2016-06-03 18:16:13,
Germany,Schleswig-Holstein,Flensburg,87.122.113.152,2016-06-03 17:54:34,
United States,California,Riverside,170.144.106.233,2016-06-03 15:27:06,
United States,California,Los Angeles,70.197.70.186,2016-06-03 15:10:01,
United States,District of Columbia,Washington,166.5.219.75,2016-06-03 14:59:36,
Italy,Sardinia,Sanluri,84.221.179.128,2016-06-03 14:04:43,
Spain,,,81.40.6.94,2016-06-02 19:40:06,
Spain,Catalonia,Barcelona,158.109.65.46,2016-06-02 11:28:08,
United States,Texas,Galveston,184.174.196.166,2016-06-01 18:12:26,
United States,Montana,Missoula,192.160.47.157,2016-06-01 18:00:47,
Morocco,,,41.249.153.217,2016-05-31 08:48:04,
Netherlands,Provincie Utrecht,Utrecht,145.15.244.119,2016-05-31 05:50:48,
United States,Colorado,Fort Collins,129.82.198.6,2016-05-31 03:37:45,
United States,Texas,Fort Worth,71.86.89.238,2016-05-31 01:36:59,
Spain,,,213.4.34.51,2016-05-30 13:53:52,
Australia,,,59.100.166.17,2016-05-30 01:38:28,
United States,Arizona,Elfrida,206.169.89.153,2016-05-28 18:12:49,
New Zealand,Auckland,Auckland,122.59.158.141,2016-05-28 04:47:47,
United States,District of Columbia,Washington,166.2.227.48,2016-05-27 21:58:18,
United States,Montana,Missoula,166.7.27.220,2016-05-27 20:59:35,
Argentina,,,179.40.81.113,2016-05-27 18:31:22,
None,None,None,193.48.126.216,2016-05-27 16:14:08,
United States,,,24.52.11.115,2016-05-27 13:35:42,
United States,Colorado,Denver,70.212.9.33,2016-05-26 22:57:05,
United States,District of Columbia,Washington,166.6.28.114,2016-05-26 20:57:37,
Canada,British Columbia,Victoria,142.27.184.213,2016-05-26 19:44:22,
United States,Montana,Missoula,192.160.47.203,2016-05-26 16:02:24,
United States,Colorado,Boulder,97.107.70.37,2016-05-25 20:59:50,
United States,Utah,Park City,204.238.123.125,2016-05-25 18:32:38,
United States,Minnesota,Saint Paul,70.197.232.183,2016-05-25 18:21:42,
United States,Maine,Augusta,141.114.156.188,2016-05-25 16:25:35,
Spain,,,83.59.9.232,2016-05-25 09:18:25,
United States,Oregon,Ashland,66.241.72.11,2016-05-25 01:39:12,
Colombia,,,181.50.7.204,2016-05-25 00:55:00,
United States,Idaho,Pocatello,134.50.103.136,2016-05-24 21:36:32,
United States,Oregon,Albany,70.210.142.210,2016-05-24 20:51:53,
United States,Montana,Missoula,192.160.47.223,2016-05-24 19:27:08,
United States,Montana,Ronan,192.30.117.62,2016-05-24 15:24:45,
United States,Montana,Missoula,166.7.27.46,2016-05-24 15:11:01,
None,None,None,78.231.36.39,2016-05-24 14:38:22,
Australia,New South Wales,Kenthurst,203.12.45.7,2016-05-24 03:23:32,
United States,District of Columbia,Washington,166.6.117.160,2016-05-23 18:33:33,
United States,Colorado,Aurora,73.78.122.22,2016-05-23 17:59:32,
Greece,,,78.87.165.85,2016-05-23 13:48:02,
Australia,,,203.166.219.4,2016-05-23 04:13:58,
United States,Montana,Missoula,184.166.73.190,2016-05-21 14:04:27,
Canada,British Columbia,Burns Lake,154.20.11.217,2016-05-21 02:22:52,
Portugal,Leiria,Leiria,82.155.5.46,2016-05-20 23:02:44,
Germany,Schleswig-Holstein,Flensburg,87.122.127.22,2016-05-20 20:42:52,
Chile,,,191.112.89.178,2016-05-20 16:58:00,
United States,Montana,Missoula,192.160.47.191,2016-05-20 14:17:55,
United Kingdom,England,Manchester,86.168.118.91,2016-05-20 11:59:33,
Spain,,,83.35.224.224,2016-05-20 07:19:15,
United States,California,Riverside,170.144.119.231,2016-05-19 21:12:34,
Serbia,,,188.2.207.181,2016-05-19 18:59:45,
United States,District of Columbia,Washington,166.2.226.169,2016-05-19 18:59:42,
United States,Nebraska,Chadron,166.2.154.62,2016-05-19 18:46:58,
United States,District of Columbia,Washington,166.6.177.155,2016-05-19 15:39:29,
Portugal,,,2.83.233.34,2016-05-19 13:20:00,
United States,California,Mammoth Lakes,24.121.94.19,2016-05-19 04:06:54,
Australia,New South Wales,Jesmond,101.161.232.106,2016-05-19 02:00:09,
United States,Washington,Lake Stevens,50.34.107.117,2016-05-18 23:22:21,
United States,Montana,Missoula,166.7.27.100,2016-05-18 22:01:09,
United States,Oregon,Medford,207.55.227.206,2016-05-18 21:14:16,
United States,Montana,Missoula,71.32.58.66,2016-05-18 21:13:09,
United States,Montana,Missoula,184.166.75.58,2016-05-18 21:07:28,
United States,District of Columbia,Washington,166.6.27.83,2016-05-18 18:56:58,
United States,Massachusetts,Boston,70.192.35.45,2016-05-18 17:47:10,
Italy,Sardinia,Cagliari,195.130.213.27,2016-05-18 14:29:45,
Spain,,,149.62.176.118,2016-05-17 18:18:06,
Spain,Valencia,Alicante,83.54.185.167,2016-05-17 16:55:12,
Spain,,,88.25.9.237,2016-05-17 15:35:52,
Spain,,,83.57.202.20,2016-05-17 12:15:39,
Spain,Valencia,Alicante,80.31.106.129,2016-05-17 08:21:11,
United States,Washington,,107.77.97.23,2016-05-17 02:21:01,
Czech Republic,Hlavni mesto Praha,Prague,89.103.97.244,2016-05-16 21:49:05,
Spain,,,84.124.194.47,2016-05-16 15:45:12,
China,,,112.10.184.170,2016-05-16 13:57:44,
Canada,Alberta,Leduc,68.151.118.105,2016-05-16 01:08:34,
United States,Montana,Missoula,63.153.70.148,2016-05-15 23:09:53,
France,,,90.94.8.98,2016-05-15 16:53:22,
United States,California,Indio,76.79.100.76,2016-05-15 14:57:57,
Japan,,,150.70.173.10,2016-05-15 03:20:35,
Canada,Alberta,Grimshaw,208.98.235.198,2016-05-15 03:19:41,
United States,Oregon,Medford,75.142.4.63,2016-05-14 17:54:39,
Spain,Andalusia,Baza,185.48.87.43,2016-05-14 11:40:57,
United States,Idaho,Lewiston,174.126.125.239,2016-05-14 03:16:59,
Turkey,Trabzon,Trabzon,193.140.168.108,2016-05-13 06:55:21,
United States,,,72.169.81.149,2016-05-12 21:59:28,
United States,,,72.169.81.241,2016-05-12 21:58:49,
United States,California,La Canada Flintridge,144.166.21.23,2016-05-12 18:08:48,
United States,,,73.78.217.37,2016-05-12 16:01:21,
Italy,,,5.170.115.240,2016-05-12 10:14:29,
Republic of Korea,,,152.99.72.251,2016-05-12 07:21:14,
United States,,,70.208.16.46,2016-05-12 00:04:00,
United States,California,Mammoth Lakes,24.121.52.177,2016-05-11 23:38:25,
United States,,,63.230.98.132,2016-05-11 20:08:46,
United States,Arizona,Tucson,150.135.210.208,2016-05-11 18:18:24,
United States,District of Columbia,Washington,166.3.59.224,2016-05-11 18:00:25,
United States,Idaho,Lapwai,12.17.162.50,2016-05-11 14:48:02,
Netherlands,South Holland,The Hague,159.100.72.2,2016-05-11 14:29:25,
Spain,Galicia,Vigo,193.146.36.254,2016-05-11 14:03:32,
China,Shanghai,Shanghai,58.37.209.175,2016-05-11 04:06:03,
United States,California,San Diego,162.239.164.226,2016-05-11 03:03:20,
Canada,Alberta,Edmonton,142.229.115.115,2016-05-10 23:25:41,
Japan,,,150.70.173.57,2016-05-10 17:50:43,
United States,Oregon,Ashland,140.211.147.105,2016-05-10 15:37:58,
United States,Wisconsin,Stevens Point,143.236.88.220,2016-05-10 15:07:54,
Brazil,,,187.5.78.82,2016-05-10 12:12:27,
None,None,None,193.48.127.228,2016-05-10 09:56:21,
Spain,,,178.60.139.175,2016-05-09 17:42:21,
United States,Montana,Missoula,150.131.76.87,2016-05-09 15:06:53,
United States,Texas,Houston,70.196.72.254,2016-05-09 14:42:21,
Republic of Korea,,,175.114.48.103,2016-05-08 12:03:01,
United States,Georgia,Atlanta,70.158.100.113,2016-05-07 21:34:26,
United States,Oregon,Bend,66.220.112.252,2016-05-07 11:29:45,
China,,,112.10.116.71,2016-05-07 09:02:47,
United States,Montana,Missoula,166.7.27.150,2016-05-06 23:02:31,
United States,Idaho,Boise,132.178.38.29,2016-05-06 20:31:19,
United States,Montana,Missoula,166.7.27.183,2016-05-06 18:44:17,
Australia,,,123.3.84.213,2016-05-06 14:34:49,
United States,Texas,Midland,104.61.144.16,2016-05-06 14:06:03,
Japan,,,150.70.173.47,2016-05-06 14:02:24,
China,Zhejiang,Hangzhou,218.75.72.50,2016-05-06 02:00:50,
United States,Arizona,Phoenix,104.200.151.29,2016-05-05 19:06:01,
Italy,Tuscany,Florence,5.170.111.42,2016-05-05 14:42:09,
United States,Colorado,Silverthorne,70.89.162.141,2016-05-04 21:18:54,
United States,,,72.169.81.43,2016-05-04 20:43:40,
United States,,,72.169.81.208,2016-05-04 20:41:26,
United States,,,72.169.80.21,2016-05-04 20:27:52,
United States,,,72.169.81.183,2016-05-04 20:24:02,
United States,,,72.169.80.10,2016-05-04 20:22:31,
Canada,New Brunswick,Fredericton,142.139.243.119,2016-05-04 16:05:06,
China,,,112.10.117.12,2016-05-04 14:30:30,
Greece,,,79.166.102.71,2016-05-04 08:10:56,
South Africa,Province of the Western Cape,Wynberg,196.24.188.217,2016-05-04 07:04:55,
Canada,Quebec,Montreal,74.14.254.156,2016-05-03 17:51:17,
United States,Colorado,Denver,158.68.232.48,2016-05-03 16:03:20,
United States,Oregon,Boardman,52.26.11.68,2016-05-03 15:33:58,
United States,Washington,Seattle,66.171.191.153,2016-05-03 04:48:43,
United States,California,La Jolla,137.110.84.69,2016-05-02 16:10:55,
None,None,None,141.52.155.29,2016-05-02 14:18:17,
None,None,None,83.47.52.53,2016-05-02 09:55:19,
Republic of Korea,Gyeonggi-do,Uiwang,1.235.32.43,2016-05-02 02:10:32,
United States,Colorado,Colorado Springs,75.71.217.35,2016-05-02 02:06:56,
Japan,,,158.210.191.172,2016-05-02 01:54:11,
United States,Tennessee,Cookeville,149.149.28.120,2016-05-01 23:10:32,
Iran,,,2.186.247.202,2016-05-01 16:21:52,
,,,188.214.96.25,2016-05-01 02:39:49,
United States,District of Columbia,Washington,166.6.173.214,2016-04-29 19:49:51,
United States,Colorado,Denver,71.212.234.169,2016-04-29 18:42:30,
Chile,Region de Los Rios,Valdivia,200.85.194.243,2016-04-29 14:13:12,
Germany,Hesse,Kastel,84.132.97.177,2016-04-29 12:14:51,
Spain,,,83.53.155.100,2016-04-29 07:43:01,
United States,California,La Jolla,137.110.83.239,2016-04-29 00:15:04,
United States,California,Etna,137.119.74.194,2016-04-28 18:54:38,
United States,District of Columbia,Washington,166.3.59.181,2016-04-28 17:19:05,
Turkey,,,78.169.195.249,2016-04-28 15:48:05,
None,None,None,194.225.80.86,2016-04-28 07:14:55,
United States,District of Columbia,Washington,166.7.26.205,2016-04-27 22:02:43,
None,None,None,129.62.48.205,2016-04-27 20:40:01,
None,None,None,166.2.229.211,2016-04-27 19:28:25,
None,None,None,70.210.192.253,2016-04-27 17:05:10,
None,None,None,166.7.27.225,2016-04-27 16:02:59,
None,None,None,131.217.255.204,2016-04-27 01:02:13,
None,None,None,137.110.84.57,2016-04-26 21:52:14,
Canada,Saskatchewan,Regina,216.174.134.2,2016-04-26 17:09:27,
None,None,None,106.120.73.146,2016-04-26 06:41:34,
None,None,None,72.252.203.13,2016-04-25 22:37:44,
None,None,None,149.169.162.231,2016-04-25 16:29:38,
None,None,None,79.150.213.144,2016-04-24 19:22:39,
None,None,None,78.162.178.240,2016-04-24 16:15:16,
None,None,None,72.169.81.9,2016-04-24 15:16:00,
None,None,None,72.169.81.124,2016-04-24 15:14:20,
None,None,None,72.169.80.106,2016-04-24 15:13:28,
None,None,None,72.169.81.177,2016-04-24 14:54:57,
None,None,None,72.169.80.92,2016-04-24 14:34:30,
None,None,None,70.167.79.156,2016-04-23 22:21:31,
None,None,None,65.102.3.66,2016-04-23 22:11:15,
None,None,None,134.50.103.161,2016-04-22 22:48:07,
None,None,None,213.48.60.6,2016-04-22 16:34:47,
United States,Virginia,Ashburn,54.208.84.225,2016-04-22 16:03:34,
None,None,None,149.169.140.218,2016-04-22 15:48:22,
United States,Idaho,Pocatello,134.50.215.125,2016-04-22 15:24:35,
Spain,,,80.38.223.243,2016-04-22 11:10:10,
None,None,None,114.247.188.39,2016-04-22 07:33:12,
None,None,None,195.69.56.241,2016-04-22 07:28:13,
None,None,None,149.169.115.241,2016-04-22 01:07:10,
None,None,None,149.169.145.92,2016-04-22 00:37:02,
None,None,None,137.110.83.58,2016-04-22 00:28:27,
None,None,None,198.71.121.156,2016-04-21 22:55:02,
None,None,None,46.198.212.63,2016-04-21 22:29:20,
None,None,None,70.199.160.22,2016-04-21 20:37:50,
None,None,None,142.27.131.171,2016-04-21 20:05:46,
None,None,None,86.1.72.15,2016-04-21 18:27:06,
United States,Colorado,Denver,204.124.92.254,2016-04-21 17:54:26,
United States,Colorado,Denver,158.68.66.254,2016-04-21 15:36:10,
None,None,None,199.91.135.165,2016-04-21 15:36:10,
None,None,None,154.73.195.178,2016-04-21 12:05:21,
None,None,None,47.55.81.64,2016-04-20 23:19:29,
None,None,None,149.169.201.19,2016-04-20 22:54:42,
None,None,None,158.145.224.111,2016-04-20 18:42:05,
None,None,None,80.29.35.89,2016-04-20 15:11:18,
France,,,194.167.133.2,2016-04-20 09:53:43,
None,None,None,178.128.119.143,2016-04-19 19:22:54,
Spain,Catalonia,Lleida,193.144.12.226,2016-04-19 17:35:23,
None,None,None,88.9.179.31,2016-04-19 13:25:15,
None,None,None,137.110.84.91,2016-04-18 23:29:18,
None,None,None,190.18.62.190,2016-04-18 21:24:54,
None,None,None,192.160.47.136,2016-04-18 21:00:13,
None,None,None,104.244.228.38,2016-04-18 17:55:42,
Republic of Korea,,,203.250.98.129,2016-04-18 08:16:26,
None,None,None,63.155.41.126,2016-04-18 03:04:17,
None,None,None,59.100.216.162,2016-04-18 00:31:09,
None,None,None,85.110.147.238,2016-04-17 14:21:34,
None,None,None,110.21.197.247,2016-04-17 09:26:52,
United States,Tennessee,Crossville,71.88.209.227,2016-04-16 20:41:52,
Norway,,,213.234.127.18,2016-04-16 10:30:45,
None,None,None,24.122.125.212,2016-04-16 02:08:49,
None,None,None,67.23.203.6,2016-04-15 20:50:42,
Japan,,,150.70.188.175,2016-04-15 18:16:31,
None,None,None,91.197.133.246,2016-04-15 17:26:46,
Japan,,,150.70.188.172,2016-04-15 17:10:24,
Japan,,,150.70.173.5,2016-04-15 13:48:43,
None,None,None,150.70.188.165,2016-04-15 12:14:28,
None,None,None,166.5.100.194,2016-04-14 23:19:15,
None,None,None,67.0.46.30,2016-04-14 20:06:07,
None,None,None,83.55.23.101,2016-04-14 18:23:33,
None,None,None,166.7.27.32,2016-04-14 16:39:05,
Canada,Nova Scotia,Halifax,198.166.214.5,2016-04-14 13:08:06,
None,None,None,166.7.27.103,2016-04-13 21:31:34,
None,None,None,70.199.143.103,2016-04-13 20:25:13,
None,None,None,88.1.1.18,2016-04-13 20:11:59,
None,None,None,150.70.173.45,2016-04-13 17:33:36,
None,None,None,24.70.100.104,2016-04-13 17:31:34,
None,None,None,142.229.115.110,2016-04-13 15:59:18,
None,None,None,83.60.192.48,2016-04-13 11:13:34,
None,None,None,68.150.63.5,2016-04-13 04:11:23,
None,None,None,142.24.193.47,2016-04-13 04:06:34,
None,None,None,96.2.226.125,2016-04-12 19:24:02,
None,None,None,192.160.47.198,2016-04-12 16:26:33,
None,None,None,70.199.153.187,2016-04-12 15:41:08,
None,None,None,191.112.65.20,2016-04-11 17:45:55,
United States,Idaho,Boise,96.18.11.19,2016-04-10 22:33:14,
None,None,None,124.78.152.34,2016-04-09 23:50:26,
None,None,None,67.60.129.63,2016-04-09 20:00:24,
None,None,None,166.2.190.30,2016-04-08 22:17:02,
None,None,None,147.69.159.52,2016-04-08 07:15:02,
Republic of Korea,Daejeon,Daejeon,143.248.70.216,2016-04-08 05:13:27,
None,None,None,166.7.27.162,2016-04-07 15:00:32,
None,None,None,81.117.169.98,2016-04-07 11:23:55,
None,None,None,50.37.222.4,2016-04-06 19:27:28,
United States,Colorado,Fort Collins,209.169.196.89,2016-04-06 13:39:45,
None,None,None,150.70.173.7,2016-04-06 08:43:53,
None,None,None,87.111.29.40,2016-04-06 08:42:41,
None,None,None,138.4.200.151,2016-04-06 08:13:29,
United States,California,San Rafael,199.88.114.1,2016-04-05 18:09:38,
None,None,None,151.159.92.128,2016-04-05 16:58:33,
None,None,None,190.18.62.28,2016-04-04 22:36:51,
None,None,None,142.229.115.126,2016-04-04 22:35:10,
Australia,New South Wales,Sydney,203.129.153.106,2016-04-03 21:30:43,
None,None,None,130.49.147.165,2016-04-03 15:58:23,
None,None,None,150.212.45.44,2016-04-03 15:51:01,
None,None,None,150.212.44.228,2016-04-03 14:27:58,
None,None,None,83.53.33.251,2016-04-03 08:47:22,
None,None,None,150.70.188.182,2016-04-02 14:50:33,
None,None,None,150.212.45.67,2016-04-01 22:11:46,
None,None,None,142.24.92.3,2016-04-01 21:00:24,
None,None,None,84.132.119.100,2016-04-01 20:45:29,
None,None,None,150.212.44.148,2016-04-01 20:27:38,
None,None,None,150.145.71.107,2016-04-01 14:23:43,
None,None,None,136.153.22.2,2016-03-31 23:15:48,
Canada,Alberta,Calgary,142.110.227.186,2016-03-31 16:20:22,
Australia,New South Wales,Blacktown,27.99.9.128,2016-03-31 09:34:32,
China,Shanghai Shi,Shanghai,114.86.73.242,2016-03-31 05:12:20,
United States,California,La Jolla,198.202.90.170,2016-03-30 20:57:59,
United States,California,La Jolla,128.54.9.121,2016-03-30 20:05:46,
United States,California,Riverside,170.144.70.135,2016-03-30 20:05:41,
United States,District of Columbia,Washington,166.5.50.58,2016-03-30 16:25:10,
United States,California,San Diego,75.80.51.50,2016-03-30 06:27:33,
United States,,,173.227.25.192,2016-03-29 23:20:21,
United States,Oregon,Ashland,96.41.146.233,2016-03-29 20:38:27,
Italy,,,62.19.75.24,2016-03-29 17:53:52,
United States,Montana,Missoula,71.32.56.4,2016-03-29 16:32:20,
South Africa,Province of the Western Cape,Wynberg,196.24.189.171,2016-03-29 09:01:23,
Italy,,,93.62.42.4,2016-03-29 08:50:01,
Canada,Alberta,Edmonton,142.59.138.92,2016-03-29 04:35:38,
United States,District of Columbia,Washington,166.5.36.65,2016-03-28 16:56:52,
United States,District of Columbia,Washington,166.5.137.43,2016-03-28 14:55:07,
None,None,None,166.2.12.94,2016-03-28 14:52:29,
Canada,Alberta,Calgary,162.157.209.168,2016-03-27 01:31:36,
France,,,78.218.243.42,2016-03-25 07:55:50,
United States,Arizona,Fort Huachuaca,147.241.58.6,2016-03-24 21:46:48,
South Africa,Province of the Western Cape,Wynberg,196.24.103.253,2016-03-24 13:27:02,
Chile,Santiago Metropolitan,Santiago,186.67.20.4,2016-03-23 21:03:01,
Italy,Sardinia,Oristano,94.39.244.24,2016-03-23 10:36:59,
Hong Kong,Kowloon City,Kowloon,43.240.118.114,2016-03-23 01:59:10,
Chile,,,190.160.76.94,2016-03-21 20:59:21,
Canada,Alberta,,142.94.228.21,2016-03-21 20:09:31,
Iran,,,5.235.142.90,2016-03-21 15:00:11,
United States,California,Spring Valley,68.7.102.92,2016-03-20 22:33:49,
United States,Montana,Missoula,192.160.47.142,2016-03-18 20:43:51,
Turkey,,,78.160.72.89,2016-03-18 19:01:22,
United States,,,72.169.80.129,2016-03-18 13:35:40,
United States,Vermont,Northfield,71.169.137.247,2016-03-17 22:24:49,
United States,Oregon,Grants Pass,68.185.2.34,2016-03-17 21:27:39,
United States,District of Columbia,Washington,166.5.220.59,2016-03-17 20:59:09,
United States,District of Columbia,Washington,166.2.7.47,2016-03-17 13:01:07,
United States,,,72.169.80.154,2016-03-16 23:51:38,
United States,,,72.169.81.60,2016-03-16 23:42:30,
United States,,,72.169.81.100,2016-03-16 23:41:52,
United States,,,72.169.81.132,2016-03-16 23:39:20,
United States,,,72.169.80.252,2016-03-16 23:38:21,
United States,,,72.169.81.38,2016-03-16 23:36:43,
United States,,,72.169.81.21,2016-03-16 23:35:52,
United States,California,La Jolla,137.110.83.164,2016-03-16 23:34:11,
United States,,,72.169.80.11,2016-03-16 23:15:29,
United States,,,72.169.81.83,2016-03-16 23:15:20,
United States,,,72.169.81.103,2016-03-16 23:15:04,
United States,,,72.169.81.63,2016-03-16 23:14:36,
United Kingdom,England,London,86.7.134.104,2016-03-16 22:16:11,
United States,Idaho,Boise,72.24.64.186,2016-03-16 19:18:33,
United States,Utah,,70.212.38.12,2016-03-16 18:39:17,
United States,District of Columbia,Washington,166.7.241.63,2016-03-16 17:59:15,
United States,Arizona,Phoenix,70.209.109.161,2016-03-16 17:48:21,
United States,,,70.212.44.201,2016-03-16 12:55:10,
United States,California,Truckee,75.111.100.74,2016-03-16 02:54:27,
United States,Oregon,Portland,65.102.0.92,2016-03-15 18:17:37,
United States,Florida,Fort Lauderdale,216.86.246.214,2016-03-15 15:08:40,
United States,Idaho,Boise,132.178.186.52,2016-03-14 16:42:21,
Chile,,,191.112.20.15,2016-03-14 15:31:44,
Poland,,,89.25.234.250,2016-03-13 14:46:20,
United States,Arizona,Chandler,184.185.165.194,2016-03-13 05:00:11,
United States,Idaho,Boise,132.178.226.24,2016-03-11 22:37:37,
United States,Hawaii,Honolulu,168.105.80.83,2016-03-11 21:32:44,
United States,California,Riverside,170.144.111.16,2016-03-11 16:22:39,
Netherlands,,,159.100.71.234,2016-03-11 13:30:37,
United States,California,Riverside,170.144.126.3,2016-03-11 06:23:31,
United States,Idaho,Boise,132.178.161.145,2016-03-11 00:40:19,
United States,Virginia,Lynchburg,70.199.192.217,2016-03-10 23:11:47,
Chile,,,191.112.0.47,2016-03-10 19:21:23,
United States,New Mexico,Albuquerque,74.95.17.49,2016-03-09 21:09:22,
United States,California,Los Angeles,70.197.78.17,2016-03-09 20:54:20,
United States,,,75.211.11.219,2016-03-09 16:17:29,
Republic of Korea,,,143.248.236.146,2016-03-09 04:54:36,
Chile,Region del Libertador General Bernardo O'Higgins,Rancagua,191.112.101.215,2016-03-08 21:18:52,
Canada,Alberta,Edmonton,142.229.115.121,2016-03-08 20:03:54,
United States,,,70.212.47.118,2016-03-08 18:20:31,
United States,District of Columbia,Washington,166.7.238.176,2016-03-08 17:59:21,
Italy,,,62.10.206.166,2016-03-08 10:48:44,
Republic of Korea,,,220.72.222.132,2016-03-08 10:22:42,
Spain,Madrid,Madrid,80.28.209.106,2016-03-08 07:12:17,
Chile,Santiago Metropolitan,Santiago,181.202.157.156,2016-03-07 23:05:55,
United States,District of Columbia,Washington,166.6.183.140,2016-03-07 22:51:13,
United States,California,Redlands,198.102.33.251,2016-03-07 14:21:52,
Italy,Sardinia,Marrubiu,84.221.165.89,2016-03-07 12:04:15,
Germany,Rheinland-Pfalz,Boppard,79.225.23.156,2016-03-06 23:54:58,
Chile,,,186.106.90.56,2016-03-05 21:08:55,
Chile,Region del Libertador General Bernardo O'Higgins,San Vicente,191.112.54.201,2016-03-05 19:14:24,
Algeria,,,105.101.88.62,2016-03-05 12:31:36,
United States,,,184.190.31.40,2016-03-05 01:16:54,
Chile,Region de Los Rios,Valdivia,181.226.131.226,2016-03-04 21:56:42,
Chile,Region de Los Rios,Valdivia,190.13.151.170,2016-03-04 18:11:45,
United States,District of Columbia,Washington,166.7.26.86,2016-03-03 21:37:34,
Canada,New Brunswick,Fredericton,142.139.142.38,2016-03-03 15:33:39,
Argentina,,,190.19.177.11,2016-03-03 01:42:52,
Canada,New Brunswick,Tay Creek,208.114.152.135,2016-03-02 23:00:59,
United States,Montana,Missoula,192.160.47.219,2016-03-02 20:06:50,
United States,Montana,Missoula,192.160.47.130,2016-03-02 19:38:06,
United States,California,San Luis Obispo,198.188.159.2,2016-03-02 18:46:02,
Chile,,,191.112.72.33,2016-03-01 20:13:20,
Chile,Santiago Metropolitan,Santiago,201.220.242.170,2016-03-01 19:10:10,
Chile,Santiago Metropolitan,Santiago,201.220.242.52,2016-03-01 18:15:07,
Chile,Santiago Metropolitan,Santiago,201.220.244.229,2016-03-01 14:20:10,
Turkey,Ankara,Ankara,88.224.233.117,2016-02-29 20:37:30,
Ukraine,,,91.197.133.128,2016-02-28 15:01:46,
Germany,,,80.147.2.27,2016-02-28 12:53:14,
United States,Montana,Ronan,192.30.117.8,2016-02-27 04:32:21,
United States,District of Columbia,Washington,166.7.26.211,2016-02-26 02:03:17,
Turkey,,,176.43.44.45,2016-02-25 21:29:32,
United States,District of Columbia,Washington,166.7.240.47,2016-02-24 23:34:20,
United States,District of Columbia,Washington,166.6.27.60,2016-02-24 20:47:02,
Italy,Lombardy,Cologno Monzese,93.36.117.12,2016-02-24 20:19:48,
Chile,Santiago Metropolitan,Santiago,201.220.242.42,2016-02-24 16:49:09,
United States,Colorado,Broomfield,96.90.190.61,2016-02-23 01:58:56,
Australia,Queensland,Brisbane,59.100.208.170,2016-02-22 22:12:03,
Chile,Santiago Metropolitan,Santiago,201.220.242.29,2016-02-22 20:05:34,
Canada,New Brunswick,Saint John,209.128.56.146,2016-02-22 19:59:22,
Chile,Santiago Metropolitan,Santiago,201.220.244.195,2016-02-22 17:12:28,
Turkey,,,193.140.170.230,2016-02-22 13:37:52,
United States,Oklahoma,Pryor,162.239.112.165,2016-02-21 02:43:12,
Chile,,,191.112.123.206,2016-02-20 20:47:22,
Chile,Santiago Metropolitan,Santiago,181.202.213.37,2016-02-19 19:27:10,
Chile,Santiago Metropolitan,Santiago,181.202.116.99,2016-02-19 18:37:44,
United States,California,Riverside,170.144.18.125,2016-02-19 18:25:49,
United States,District of Columbia,Washington,166.5.55.27,2016-02-19 15:17:21,
Spain,,,77.211.50.219,2016-02-19 09:41:57,
United States,Minnesota,Burnsville,70.197.228.181,2016-02-18 22:55:29,
United States,District of Columbia,Washington,166.2.129.58,2016-02-18 22:54:58,
United States,Arizona,Tempe,206.207.155.170,2016-02-18 22:34:35,
Chile,Santiago Metropolitan,Santiago,181.202.66.246,2016-02-18 17:20:04,
Spain,Aragon,Epila,85.251.72.83,2016-02-18 15:59:49,
Hong Kong,,,172.111.142.38,2016-02-18 14:26:04,
United States,Washington,Olympia,146.76.43.125,2016-02-17 22:50:16,
Jamaica,Kingston,Kingston,104.244.228.104,2016-02-17 22:20:13,
Italy,Lombardy,Sesto San Giovanni,93.36.112.54,2016-02-17 22:15:30,
Chile,Santiago Metropolitan,Santiago,181.202.193.130,2016-02-17 19:06:12,
United States,Oregon,Salem,159.121.201.2,2016-02-17 18:38:48,
Italy,Lombardy,Milan,131.175.55.42,2016-02-17 17:41:41,
Chile,Santiago Metropolitan,Santiago,181.202.188.27,2016-02-17 14:10:57,
Spain,,,178.139.164.222,2016-02-17 08:17:59,
United States,Hawaii,Honolulu,128.171.125.116,2016-02-17 03:35:31,
United States,Arizona,Prescott,204.75.207.165,2016-02-16 23:56:33,
Chile,Santiago Metropolitan,Santiago,181.202.49.235,2016-02-16 20:39:07,
Chile,Santiago Metropolitan,Santiago,181.202.79.6,2016-02-16 19:13:21,
South Africa,Province of the Western Cape,Cape Town,105.228.28.218,2016-02-15 18:45:16,
Italy,,,185.103.82.78,2016-02-15 15:37:59,
China,Beijing Shi,Beijing,49.4.181.211,2016-02-14 09:26:23,
Chile,,,186.107.4.165,2016-02-13 17:45:50,
United States,Arizona,Prescott,206.207.157.55,2016-02-13 15:18:06,
United States,Arizona,Prescott,204.75.207.178,2016-02-13 04:26:45,
United States,Pennsylvania,University Park,104.39.58.209,2016-02-12 20:02:52,
United States,Pennsylvania,University Park,104.39.59.69,2016-02-12 17:10:51,
United States,Colorado,Fort Collins,129.82.198.13,2016-02-12 16:51:24,
Argentina,Mendoza,San Martin,181.114.136.12,2016-02-12 15:07:56,
Argentina,Mendoza,San Martin,181.114.137.205,2016-02-12 13:45:53,
Chile,,,186.105.191.147,2016-02-12 13:38:18,
United States,Arizona,Tempe,206.207.156.14,2016-02-12 01:30:19,
Canada,Ontario,Ottawa,205.193.82.252,2016-02-12 00:23:37,
United States,Idaho,Boise,166.2.12.91,2016-02-11 20:33:11,
Algeria,Wilaya de Ouargla,Ouargla,41.99.105.248,2016-02-11 19:58:09,
Chile,Santiago Metropolitan,Santiago,186.105.227.44,2016-02-11 19:55:35,
Canada,British Columbia,Victoria,142.36.122.222,2016-02-11 19:53:02,
United States,Pennsylvania,University Park,104.39.56.245,2016-02-11 17:06:46,
Argentina,Mendoza,San Martin,181.114.136.39,2016-02-11 16:42:46,
United Kingdom,,,217.33.58.194,2016-02-11 16:10:16,
United Kingdom,England,Manchester,130.88.99.218,2016-02-11 14:43:11,
Ireland,,,212.147.160.55,2016-02-11 10:41:52,
Japan,,,150.70.188.170,2016-02-11 05:05:55,
Canada,,,207.228.78.213,2016-02-11 04:59:14,
Australia,South Australia,Streaky Bay,129.96.87.157,2016-02-11 04:31:29,
Canada,Alberta,Jasper,24.65.237.147,2016-02-11 03:16:38,
United States,Alabama,Mobile,98.192.153.152,2016-02-11 02:20:14,
United States,Washington,Olympia,146.76.43.143,2016-02-11 01:06:16,
United States,Montana,Missoula,71.32.62.196,2016-02-11 00:49:44,
Chile,,,191.112.76.181,2016-02-10 21:01:05,
United States,North Carolina,Garner,71.50.146.208,2016-02-10 06:10:06,
United States,Arizona,Tempe,206.207.155.110,2016-02-09 23:14:24,
United States,Florida,Tallahassee,144.174.212.234,2016-02-09 19:32:40,
United States,District of Columbia,Washington,166.7.26.75,2016-02-09 18:57:13,
United States,Montana,Missoula,150.131.65.15,2016-02-09 17:53:58,
United States,,,98.101.223.99,2016-02-09 17:32:24,
Chile,Santiago Metropolitan,Santiago,201.220.244.186,2016-02-09 13:25:38,
United Kingdom,England,Evesham,90.155.65.144,2016-02-09 12:47:18,
United States,Florida,Tallahassee,73.42.26.251,2016-02-09 00:52:07,
United States,Idaho,Boise,75.174.24.217,2016-02-08 23:07:28,
United States,,,50.207.20.116,2016-02-07 20:53:14,
United States,Arizona,Tempe,206.207.155.164,2016-02-06 20:29:26,
United States,Arizona,Prescott,204.75.207.121,2016-02-06 19:50:00,
United States,Arizona,Prescott,204.75.207.120,2016-02-06 19:49:25,
United States,Arizona,Prescott,199.104.253.254,2016-02-06 19:49:05,
Algeria,,,41.105.33.194,2016-02-06 14:12:25,
Italy,Lombardy,Monza,93.36.109.85,2016-02-06 10:36:59,
United States,Colorado,Fort Collins,24.56.179.32,2016-02-05 21:55:48,
Japan,,,150.70.173.9,2016-02-05 19:09:35,
Canada,Alberta,Jasper,24.65.229.233,2016-02-05 19:08:05,
Japan,,,150.70.173.52,2016-02-05 17:53:38,
Canada,Alberta,Calgary,207.228.78.93,2016-02-05 16:30:34,
Japan,,,150.70.173.46,2016-02-05 16:23:57,
Canada,Alberta,Calgary,207.228.78.242,2016-02-05 16:17:21,
Japan,,,150.70.188.177,2016-02-05 16:10:28,
Canada,Alberta,Calgary,207.228.78.181,2016-02-05 16:09:18,
Italy,,,62.19.54.214,2016-02-05 13:31:02,
Netherlands,Groningen,Groningen,94.214.198.48,2016-02-05 11:21:10,
Japan,,,150.70.188.180,2016-02-04 20:07:06,
United States,California,Atascadero,75.15.113.111,2016-02-04 07:07:24,
Canada,Alberta,Calgary,207.228.78.6,2016-02-03 04:04:48,
Australia,South Australia,Streaky Bay,129.96.85.35,2016-02-03 01:42:55,
Japan,,,150.70.173.55,2016-02-02 17:33:17,
Russia,St.-Petersburg,Saint Petersburg,84.52.64.226,2016-02-01 19:01:40,
United States,California,La Jolla,137.110.84.29,2016-02-01 18:10:36,
Canada,Ontario,Ottawa,132.156.2.3,2016-02-01 17:54:04,
Canada,Alberta,Edmonton,142.229.115.128,2016-02-01 17:49:38,
Canada,Alberta,Calgary,207.228.78.10,2016-02-01 04:21:30,
United States,California,San Jose,52.53.234.104,2016-01-31 21:34:21,
United States,California,Riverside,170.144.102.61,2016-01-30 23:02:45,
Canada,British Columbia,Victoria,204.239.71.64,2016-01-30 22:17:54,
Canada,British Columbia,Salmon Arm,173.183.93.213,2016-01-30 22:11:52,
Australia,South Australia,Adelaide,203.6.146.5,2016-01-30 00:09:51,
Canada,British Columbia,Victoria,108.180.150.12,2016-01-29 07:06:34,
United States,California,San Francisco,173.11.102.78,2016-01-29 03:32:01,
United States,California,Chula Vista,209.242.148.130,2016-01-28 23:26:20,
Japan,,,150.70.188.181,2016-01-28 22:19:18,
Canada,Alberta,Leduc,142.229.112.43,2016-01-28 22:17:55,
United States,District of Columbia,Washington,166.3.118.183,2016-01-28 17:59:56,
United States,Arizona,Mesa,70.209.101.48,2016-01-28 06:43:58,
United States,Arizona,Scottsdale,70.209.70.149,2016-01-28 06:26:37,
United States,Idaho,Boise,174.27.30.148,2016-01-28 04:15:40,
United States,Pennsylvania,State College,174.60.224.68,2016-01-28 01:51:03,
Algeria,Wilaya de Mascara,Tizi,197.115.92.173,2016-01-27 23:02:33,
Canada,British Columbia,Victoria,142.27.131.163,2016-01-27 22:02:43,
United States,California,San Diego,162.249.219.43,2016-01-27 19:37:29,
Spain,Castille-La Mancha,Ocana,88.3.252.222,2016-01-26 22:12:46,
Argentina,,,190.19.237.171,2016-01-26 01:29:11,
United States,Oregon,Springfield,166.6.185.171,2016-01-26 00:30:03,
Chile,Region del Libertador General Bernardo O'Higgins,Chimbarongo,191.112.26.3,2016-01-25 21:31:31,
United States,District of Columbia,Washington,166.7.26.108,2016-01-25 17:32:43,
Spain,Madrid,Madrid,77.228.94.141,2016-01-25 16:29:29,
United States,Arizona,Tucson,150.135.211.243,2016-01-25 14:10:25,
Australia,Victoria,Craigieburn,139.216.102.97,2016-01-25 11:01:37,
United States,Arizona,Tucson,69.254.201.171,2016-01-25 04:36:41,
United States,District of Columbia,Washington,166.3.197.151,2016-01-24 01:04:33,
Chile,,,191.112.119.76,2016-01-23 20:41:12,
Turkey,Ankara,Ankara,78.160.52.252,2016-01-23 18:46:52,
Canada,British Columbia,Victoria,142.27.9.127,2016-01-22 23:03:37,
Denmark,Capital Region,Copenhagen,152.115.60.131,2016-01-22 12:21:10,
United States,District of Columbia,Washington,166.2.190.11,2016-01-21 23:21:06,
Spain,Castille-La Mancha,Lominchar,88.12.197.156,2016-01-21 15:26:20,
United States,Oregon,Corvallis,128.193.8.24,2016-01-21 00:29:54,
United States,,,70.210.189.210,2016-01-20 22:39:09,
Canada,British Columbia,Nanaimo,70.66.6.209,2016-01-20 19:44:14,
United States,Colorado,Denver,70.196.199.8,2016-01-20 16:28:28,
Portugal,,,62.48.167.82,2016-01-20 10:10:57,
Canada,Yukon,Whitehorse,199.247.128.35,2016-01-18 16:45:42,
Spain,Castille-La Mancha,Ocana,83.59.195.250,2016-01-17 21:07:18,
Spain,,,83.53.207.33,2016-01-17 13:54:19,
Spain,Castille-La Mancha,Consuegra,80.31.172.115,2016-01-17 00:27:08,
Spain,Castille-La Mancha,Talavera de la Reina,83.59.69.230,2016-01-16 00:15:19,
United States,District of Columbia,Washington,166.6.67.208,2016-01-15 22:12:29,
Chile,,,191.112.48.99,2016-01-15 20:20:42,
United States,New Mexico,Gila,192.119.36.166,2016-01-15 20:06:03,
United States,Arizona,Fort Huachuaca,132.79.9.16,2016-01-15 19:43:05,
Spain,Castille-La Mancha,El Viso de San Juan,83.46.230.51,2016-01-15 14:19:24,
Chile,Santiago Metropolitan,Santiago,190.22.239.81,2016-01-14 20:45:24,
Japan,,,150.70.188.179,2016-01-14 14:19:36,
Canada,Ontario,Hawkesbury,74.14.229.19,2016-01-14 14:18:22,
Chile,Santiago Metropolitan,Santiago,191.112.51.209,2016-01-14 12:30:01,
Spain,Catalonia,Lleida,193.144.12.130,2016-01-14 09:57:07,
Chile,,,191.112.98.145,2016-01-13 21:17:29,
United States,,,70.210.211.0,2016-01-12 21:12:48,
Spain,,,77.27.230.106,2016-01-12 18:11:11,
United States,Arizona,Tucson,67.1.59.162,2016-01-12 17:26:13,
Canada,New Brunswick,Fredericton,142.139.142.52,2016-01-12 16:21:09,
Spain,,,81.45.182.168,2016-01-12 16:06:56,
Republic of Korea,,,1.232.68.38,2016-01-12 13:57:44,
United States,Montana,Missoula,166.7.27.48,2016-01-11 22:27:06,
Italy,,,93.68.255.165,2016-01-11 14:19:59,
Australia,Tasmania,Newnham,147.69.42.92,2016-01-10 03:13:12,
Serbia,,,46.240.227.109,2016-01-09 11:05:31,
United States,Idaho,Boise,63.230.119.14,2016-01-06 22:48:58,
United States,,,107.12.39.129,2016-01-06 19:51:45,
Serbia,Central Serbia,Belgrade,79.175.95.16,2016-01-06 10:31:31,
China,Shaanxi,Beiyuan,210.72.27.85,2016-01-06 02:44:00,
Republic of Korea,,,125.129.124.106,2016-01-05 08:39:37,
Brazil,,,177.27.168.94,2016-01-04 21:07:38,
United States,District of Columbia,Washington,166.3.31.178,2016-01-04 18:08:28,
United States,Oregon,Medford,68.113.44.42,2016-01-04 01:19:31,
Turkey,Ankara,Ankara,78.178.45.53,2016-01-03 19:40:25,
Chile,,,191.112.73.138,2016-01-01 20:42:06,
Canada,British Columbia,Sicamous,173.183.95.254,2016-01-01 00:42:59,
United States,Nevada,Las Vegas,72.193.66.55,2015-12-31 16:53:44,
Canada,British Columbia,Burnaby,142.58.127.234,2015-12-30 23:02:28,
Chile,,,191.112.41.61,2015-12-30 19:54:40,
Chile,,,191.112.88.118,2015-12-30 13:19:57,
United States,District of Columbia,Washington,166.3.6.116,2015-12-29 21:13:04,
Chile,,,191.112.126.26,2015-12-28 20:58:42,
Chile,,,191.112.35.12,2015-12-26 20:01:25,
United States,California,La Jolla,137.110.83.153,2015-12-24 19:09:04,
Spain,,,81.39.79.80,2015-12-24 16:39:16,
Chile,,,191.112.29.202,2015-12-23 21:15:28,
United States,Arizona,Payson,207.192.244.252,2015-12-23 13:20:32,
Australia,Tasmania,Glenorchy,147.69.17.207,2015-12-22 06:26:20,
United States,California,La Jolla,137.110.95.9,2015-12-21 23:45:13,
Spain,,,2.155.73.142,2015-12-21 21:21:13,
United States,California,Riverside,170.144.106.243,2015-12-21 14:13:45,
United States,Montana,Billings,98.127.144.220,2015-12-21 04:19:22,
South Africa,Province of the Western Cape,Cape Town,105.228.114.161,2015-12-20 14:59:51,
Australia,New South Wales,City of Parramatta,121.218.32.65,2015-12-20 08:26:21,
China,Beijing Shi,Beijing,123.118.211.246,2015-12-19 09:21:07,
United States,California,La Jolla,137.110.83.186,2015-12-17 19:33:46,
United States,California,La Jolla,137.110.84.89,2015-12-17 18:51:24,
Italy,,,79.49.142.224,2015-12-17 10:37:18,
Greece,,,85.75.129.60,2015-12-17 09:43:47,
United States,Montana,Missoula,166.7.27.47,2015-12-16 23:44:27,
China,Beijing Shi,Beijing,203.83.57.53,2015-12-16 12:38:21,
United States,District of Columbia,Washington,166.7.26.106,2015-12-15 21:14:30,
Spain,Madrid,Madrid,47.61.249.171,2015-12-15 13:03:21,
Spain,Andalusia,Cordova,150.214.118.92,2015-12-14 09:19:56,
Chile,Santiago Metropolitan,Santiago,186.34.175.207,2015-12-14 03:21:47,
Greece,,,62.1.249.254,2015-12-13 22:05:28,
Chile,Santiago Metropolitan,Santiago,164.77.114.98,2015-12-12 22:33:24,
United States,California,Mission Viejo,99.44.16.22,2015-12-12 05:58:17,
United States,California,La Jolla,137.110.68.61,2015-12-11 20:45:51,
United States,California,Berkeley,128.32.113.46,2015-12-10 21:46:31,
United States,Texas,Amarillo,50.26.125.111,2015-12-10 13:52:05,
Spain,,,83.53.159.1,2015-12-10 13:22:33,
United States,California,Riverside,170.144.18.127,2015-12-09 21:44:31,
Spain,,,88.14.183.216,2015-12-09 18:04:03,
Morocco,Region de Rabat-Sale-Zemmour-Zaer,Rabat,196.217.21.120,2015-12-09 16:52:18,
Spain,Valencia,San Fulgencio,83.53.152.136,2015-12-09 15:19:00,
Spain,,,77.230.164.253,2015-12-09 11:40:05,
Australia,South Australia,Streaky Bay,129.96.87.73,2015-12-09 03:28:30,
United States,South Dakota,Rapid City,151.159.110.101,2015-12-08 20:35:42,
United States,Colorado,Boulder,98.245.164.222,2015-12-08 19:14:17,
United States,California,Los Angeles,172.56.41.128,2015-12-08 16:55:23,
Australia,Tasmania,Devonport,147.69.39.27,2015-12-08 05:13:02,
United States,California,La Jolla,137.110.89.71,2015-12-07 21:55:20,
United States,California,La Jolla,69.196.36.172,2015-12-07 21:46:09,
United States,Arizona,Willcox,206.128.77.51,2015-12-07 14:54:51,
Netherlands,South Holland,The Hague,94.209.46.128,2015-12-06 21:07:43,
United States,Colorado,Estes Park,63.227.77.251,2015-12-05 23:55:13,
Chile,,,191.112.47.77,2015-12-03 21:04:06,
Germany,Mecklenburg-Vorpommern,Greifswald,141.53.38.124,2015-12-03 17:12:23,
Isle of Man,,Douglas,92.39.207.242,2015-12-03 16:21:11,
Iran,,,80.191.156.8,2015-12-03 10:23:50,
United States,Montana,Missoula,166.7.27.186,2015-12-02 16:59:05,
United States,California,La Jolla,137.110.83.229,2015-12-02 15:53:13,
Italy,Campania,Scafati,151.73.72.220,2015-12-02 09:14:40,
Brazil,,,179.105.16.182,2015-12-02 00:07:54,
United States,District of Columbia,Washington,166.5.213.18,2015-12-01 20:18:23,
Spain,Catalonia,Barcelona,195.76.106.148,2015-12-01 14:56:37,
Spain,Andalusia,Seville,217.12.24.132,2015-12-01 10:59:18,
United States,California,Sunnyvale,199.19.249.196,2015-12-01 10:59:17,
Republic of Korea,Seoul,Seoul,1.215.39.66,2015-12-01 07:41:43,
United States,Montana,Missoula,192.160.47.139,2015-11-30 23:48:17,
Czech Republic,Hlavni mesto Praha,Prague,217.30.64.190,2015-11-30 18:19:49,
Czech Republic,Hlavni mesto Praha,Prague,195.113.58.239,2015-11-30 07:08:07,
Morocco,Region de Rabat-Sale-Zemmour-Zaer,Rabat,41.140.154.226,2015-11-28 15:59:19,
Chile,,,191.112.98.83,2015-11-27 21:22:53,
Isle of Man,,,87.254.66.119,2015-11-27 19:19:55,
United States,Florida,Jacksonville,66.177.16.39,2015-11-27 05:14:03,
Canada,Alberta,Calgary,137.186.207.221,2015-11-27 04:44:07,
Isle of Man,,Onchan,178.16.8.105,2015-11-26 16:36:45,
United States,California,La Jolla,137.110.102.39,2015-11-25 22:24:00,
United States,California,La Jolla,69.196.37.251,2015-11-25 22:08:22,
United States,,,71.205.101.142,2015-11-25 20:47:31,
United States,Colorado,Aspen,50.201.189.66,2015-11-25 16:51:37,
Morocco,,,196.206.11.183,2015-11-25 15:32:04,
United States,Illinois,Armstrong,104.240.115.201,2015-11-25 14:15:51,
United States,Washington,Seattle,76.104.159.69,2015-11-25 02:27:39,
Australia,Victoria,Melbourne,128.250.239.112,2015-11-24 04:41:07,
United States,Montana,Missoula,184.166.92.148,2015-11-24 04:33:26,
Republic of Korea,Seoul,Seoul,163.152.3.39,2015-11-23 10:10:34,
Japan,,,172.94.27.30,2015-11-22 15:46:41,
Kenya,Nairobi Province,Nairobi,154.70.41.15,2015-11-21 15:36:02,
Greece,,,46.198.191.209,2015-11-21 10:08:31,
Germany,Hesse,Kastel,84.132.97.249,2015-11-20 12:40:33,
United States,California,Menifee,172.89.208.196,2015-11-20 01:40:36,
United States,Florida,Jacksonville,74.93.175.206,2015-11-19 20:16:07,
Germany,Mecklenburg-Vorpommern,Greifswald,141.53.38.180,2015-11-19 15:37:15,
Ireland,,,213.79.46.8,2015-11-19 10:00:15,
Mongolia,Ulaanbaatar Hot,Ulan Bator,202.131.7.199,2015-11-19 09:49:06,
United States,,,70.196.238.201,2015-11-19 04:14:43,
United States,Nevada,,70.210.225.232,2015-11-18 18:03:14,
Spain,,,185.19.156.42,2015-11-18 16:29:15,
Singapore,,Singapore,218.186.171.13,2015-11-18 14:35:27,
Republic of Korea,Daejeon,Daejeon,143.248.95.93,2015-11-18 05:39:56,
Taiwan,Taiwan,Taichung,211.79.127.20,2015-11-18 05:29:16,
Greece,East Macedonia and Thrace,Kavala,83.212.94.34,2015-11-17 09:21:49,
Greece,,,2.86.99.37,2015-11-17 08:38:10,
Morocco,Gharb-Chrarda-Beni Hssen,Kenitra,41.140.201.146,2015-11-15 17:58:56,
Canada,British Columbia,Rossland,184.70.237.18,2015-11-15 16:10:38,
Czech Republic,,,185.47.221.44,2015-11-12 23:24:27,
United States,Florida,Daytona Beach,155.31.7.150,2015-11-12 20:34:08,
United States,District of Columbia,Washington,166.6.246.238,2015-11-12 17:00:02,
Spain,Andalusia,Cordova,150.214.118.108,2015-11-12 12:54:41,
Spain,,,37.12.151.213,2015-11-12 11:11:20,
Germany,Mecklenburg-Vorpommern,Greifswald,141.53.38.253,2015-11-11 17:15:46,
Spain,,,88.30.5.195,2015-11-11 15:19:46,
Australia,Tasmania,Cooee,147.69.135.212,2015-11-11 05:15:35,
Taiwan,,,192.253.254.148,2015-11-11 00:58:25,
Canada,Alberta,Calgary,216.123.153.209,2015-11-10 22:28:19,
United States,Idaho,Pocatello,134.50.103.23,2015-11-10 22:01:43,
Japan,,,172.94.27.12,2015-11-10 01:04:00,
Poland,Silesian Voivodeship,Zabrze,95.160.255.211,2015-11-09 17:39:08,
Australia,Queensland,,125.253.108.177,2015-11-09 06:10:50,
United States,Massachusetts,Chicopee,70.215.18.233,2015-11-08 16:51:21,
United States,Maryland,Silver Spring,173.66.12.242,2015-11-07 15:28:39,
Greece,,,46.12.165.145,2015-11-07 06:27:07,
United States,New Jersey,Vernon,216.6.139.153,2015-11-06 22:38:04,
United States,Florida,Tallahassee,167.95.1.164,2015-11-06 20:43:58,
United States,Minnesota,Minneapolis,70.197.235.161,2015-11-06 17:40:13,
United States,California,La Jolla,137.110.83.100,2015-11-06 02:00:46,
United States,Idaho,Moscow,50.37.94.213,2015-11-05 20:34:28,
United States,California,Walnut Creek,104.220.130.244,2015-11-05 02:44:55,
United States,Tennessee,Memphis,70.215.130.228,2015-11-05 01:53:56,
United States,Arizona,Tucson,24.251.68.217,2015-11-04 21:09:07,
Canada,Manitoba,Winnipeg,205.200.18.93,2015-11-04 20:40:58,
United States,California,Downey,161.209.206.204,2015-11-04 18:51:34,
Spain,Canary Islands,La Mancha Blanca,161.67.244.120,2015-11-04 16:27:29,
Chile,Santiago Metropolitan,Santiago,181.202.30.114,2015-11-04 14:19:22,
Spain,Canary Islands,La Mancha Blanca,161.67.122.18,2015-11-04 12:42:31,
Spain,Canary Islands,La Mancha Blanca,161.67.122.40,2015-11-04 12:34:41,
Spain,Canary Islands,La Mancha Blanca,161.67.122.30,2015-11-04 12:29:52,
United States,Washington,Ellensburg,72.233.217.88,2015-11-03 23:10:55,
United States,Idaho,Idaho Falls,65.129.0.54,2015-11-03 19:20:46,
United States,Florida,Stuart,173.221.251.26,2015-11-03 15:08:29,
United States,Colorado,Denver,158.68.232.23,2015-11-02 21:09:24,
United States,California,La Jolla,137.110.83.57,2015-11-02 19:08:31,
United States,California,Santa Clarita,76.247.221.232,2015-10-31 22:24:54,
Morocco,,,196.206.21.139,2015-10-30 23:38:15,
United States,California,La Jolla,137.110.84.70,2015-10-30 20:06:42,
United States,Montana,Missoula,166.7.27.77,2015-10-30 15:01:24,
Japan,Tokyo,Tokyo,43.226.228.194,2015-10-30 08:31:14,
Republic of Korea,Seoul,Seoul,115.145.142.150,2015-10-30 07:50:54,
Japan,,,172.94.27.68,2015-10-30 01:56:01,
New Zealand,,,163.7.4.20,2015-10-30 01:17:37,
Germany,Schleswig-Holstein,Kiel,86.103.151.193,2015-10-29 14:04:57,
United States,,,162.247.44.8,2015-10-29 03:25:57,
United States,Arizona,Phoenix,159.87.58.88,2015-10-29 03:07:15,
United States,Idaho,Meridian,184.99.72.88,2015-10-28 17:14:55,
Spain,,,188.85.44.195,2015-10-28 10:46:32,
Australia,New South Wales,Oberon,116.250.57.118,2015-10-28 02:35:36,
United States,California,La Jolla,137.110.101.113,2015-10-28 01:08:13,
United States,California,La Jolla,137.110.97.201,2015-10-27 22:02:07,
United States,California,Castro Valley,204.58.180.206,2015-10-27 21:28:07,
Greece,,,79.103.13.220,2015-10-27 18:17:05,
United States,California,La Jolla,137.110.103.44,2015-10-27 17:36:36,
United States,Oregon,Portland,70.210.138.232,2015-10-27 16:17:09,
United States,,,70.210.144.48,2015-10-27 16:04:38,
United Kingdom,England,London,159.92.1.131,2015-10-27 14:40:12,
Spain,,,83.44.204.84,2015-10-27 11:36:01,
United States,California,La Jolla,128.54.37.145,2015-10-26 23:43:27,
United States,District of Columbia,Washington,165.83.132.250,2015-10-26 20:16:17,
United States,Texas,Austin,67.106.251.130,2015-10-26 18:27:56,
Germany,Schleswig-Holstein,Molfsee,86.103.155.57,2015-10-26 13:00:01,
United States,District of Columbia,Washington,166.2.129.75,2015-10-25 22:21:21,
Bulgaria,,,77.238.80.90,2015-10-25 21:05:22,
Italy,Emilia-Romagna,Bagnolo in Piano,188.218.95.37,2015-10-25 19:22:43,
United States,Utah,Salt Lake City,67.2.75.165,2015-10-25 15:44:24,
United States,Montana,Seeley Lake,216.14.239.8,2015-10-25 14:13:09,
Greece,Thessaly,Trikala,94.66.155.241,2015-10-25 07:36:32,
United States,California,La Jolla,137.110.102.106,2015-10-25 00:24:00,
China,Shanghai Shi,Shanghai,124.78.89.17,2015-10-24 08:03:32,
Australia,New South Wales,Fairfield,101.161.149.232,2015-10-24 01:22:45,
Greece,,,94.66.169.245,2015-10-23 17:54:57,
Russia,Moscow,Moscow,109.173.77.216,2015-10-23 17:35:59,
Brazil,,,200.132.137.1,2015-10-23 17:04:37,
Spain,,,188.76.99.83,2015-10-23 16:53:30,
Italy,Veneto,Peschiera del Garda,93.34.86.68,2015-10-23 15:10:53,
Russia,,,37.200.126.48,2015-10-23 13:37:41,
Italy,,,79.35.247.85,2015-10-23 08:50:03,
Spain,Catalonia,Barcelona,84.88.104.1,2015-10-23 02:32:15,
Italy,Veneto,Lonigo,151.62.109.135,2015-10-22 14:16:42,
Italy,Veneto,San Bonifacio,151.62.139.187,2015-10-22 13:42:22,
Chile,Santiago Metropolitan,Santiago,186.107.31.218,2015-10-21 15:51:23,
Italy,Veneto,Peschiera del Garda,93.34.86.69,2015-10-21 15:14:27,
South Africa,Province of the Western Cape,Cape Town,105.210.166.49,2015-10-21 12:02:06,
United States,California,South El Monte,172.56.31.63,2015-10-21 02:00:16,
Czech Republic,,,37.188.239.36,2015-10-21 00:49:20,
Japan,Tokyo,Tokyo,43.226.228.190,2015-10-20 16:17:17,
United States,Montana,Missoula,166.7.27.39,2015-10-20 15:24:17,
Chile,,,191.112.11.44,2015-10-20 13:22:52,
Chile,,,200.112.40.123,2015-10-19 23:51:24,
United States,Idaho,Boise,184.99.126.116,2015-10-19 17:00:29,
Italy,,,217.112.99.150,2015-10-19 12:51:06,
United States,North Carolina,Lexington,70.193.49.37,2015-10-19 08:50:39,
United States,Connecticut,East Hartford,70.215.14.98,2015-10-18 13:55:45,
United States,California,Glendale,99.2.209.145,2015-10-18 03:47:36,
Italy,,,109.115.171.242,2015-10-17 22:19:55,
Greece,,,46.12.176.61,2015-10-17 21:07:24,
United States,Montana,Seeley Lake,216.14.239.5,2015-10-17 15:08:11,
Taiwan,,,192.253.254.160,2015-10-17 05:42:10,
Argentina,,,190.17.164.232,2015-10-17 01:15:08,
United States,North Carolina,Charlotte,70.199.246.219,2015-10-16 18:34:34,
United States,Iowa,Ankeny,216.81.138.250,2015-10-16 14:01:27,
Japan,,,172.94.27.100,2015-10-16 08:08:09,
Japan,Tokyo,Tokyo,192.253.253.183,2015-10-16 03:20:58,
United States,Colorado,Fort Collins,166.2.178.192,2015-10-15 21:11:51,
Argentina,,,200.41.235.122,2015-10-15 17:28:52,
Spain,Catalonia,Barcelona,161.116.111.53,2015-10-15 14:48:52,
Spain,Catalonia,Molins de Rei,85.50.66.37,2015-10-15 10:04:37,
Japan,,,172.94.27.66,2015-10-15 07:38:34,
United States,Michigan,Taylor,69.14.62.32,2015-10-15 00:17:43,
United States,Texas,Fort Worth,96.40.47.197,2015-10-14 21:35:37,
United States,California,Downey,161.209.206.203,2015-10-14 21:20:47,
United States,Montana,Missoula,150.131.75.56,2015-10-14 21:16:10,
Germany,Rheinland-Pfalz,Mainz,79.225.29.159,2015-10-14 20:28:18,
United States,District of Columbia,Washington,166.7.97.137,2015-10-14 18:48:49,
United States,District of Columbia,Washington,166.6.193.121,2015-10-14 17:32:15,
United States,Idaho,Boise,75.174.17.228,2015-10-14 17:27:23,
Australia,New South Wales,Sydney,1.129.96.43,2015-10-14 05:35:09,
United States,California,La Jolla,137.110.83.44,2015-10-14 01:02:43,
United States,California,La Jolla,128.54.33.238,2015-10-13 21:33:37,
United States,Idaho,Boise,132.178.54.2,2015-10-13 18:55:23,
Chile,Santiago Metropolitan,Santiago,181.202.169.36,2015-10-13 18:20:29,
United States,New Mexico,,70.210.192.246,2015-10-13 16:35:51,
Spain,Galicia,Compostela,85.91.70.207,2015-10-13 11:07:42,
Australia,New South Wales,Blacktown,27.99.0.61,2015-10-13 09:41:03,
Australia,New South Wales,Wahroonga,58.164.17.236,2015-10-13 07:11:45,
Australia,New South Wales,Sydney,120.146.137.66,2015-10-13 00:14:53,
United States,California,La Jolla,128.54.9.58,2015-10-12 23:28:44,
Portugal,,,92.250.92.161,2015-10-12 14:48:34,
United States,Iowa,Mason City,167.142.51.198,2015-10-12 13:25:18,
Australia,Australian Capital Territory,Canberra,131.236.42.144,2015-10-12 04:33:43,
Taiwan,,,192.253.254.177,2015-10-10 16:41:02,
Russia,,,176.101.2.185,2015-10-10 15:48:24,
United States,District of Columbia,Washington,166.3.42.115,2015-10-09 22:39:10,
Spain,,,85.136.82.111,2015-10-09 20:33:15,
United States,California,La Jolla,137.110.83.248,2015-10-09 16:46:08,
France,,,147.100.67.240,2015-10-09 13:37:51,
Spain,Andalusia,Cordova,150.214.118.109,2015-10-09 11:16:51,
Spain,Andalusia,Cordova,150.214.118.105,2015-10-09 10:51:37,
Spain,Andalusia,Cordova,150.214.118.88,2015-10-09 10:28:54,
Spain,Andalusia,Cordova,150.214.118.91,2015-10-09 10:25:35,
Japan,,,172.94.27.17,2015-10-09 08:55:33,
Canada,,,216.108.146.21,2015-10-08 15:47:36,
Japan,,,172.94.27.96,2015-10-08 15:45:41,
Australia,,,131.236.42.191,2015-10-08 04:47:26,
Australia,South Australia,Streaky Bay,129.96.86.213,2015-10-08 04:03:08,
United States,Indiana,Indianapolis,75.112.193.125,2015-10-08 02:11:10,
Brazil,,,200.132.137.4,2015-10-07 14:45:43,
South Africa,,,105.210.87.234,2015-10-07 13:54:49,
United States,Hawaii,Honolulu,72.234.140.104,2015-10-07 00:54:53,
Canada,Quebec,Val-d'Or,142.217.216.226,2015-10-06 18:05:42,
Italy,Sardinia,Cagliari,195.130.213.14,2015-10-06 16:24:10,
United States,Montana,Missoula,166.7.27.62,2015-10-06 16:05:41,
Canada,Alberta,Edmonton,129.128.55.68,2015-10-06 15:26:47,
United States,Montana,Missoula,166.7.26.203,2015-10-06 14:52:40,
United States,Colorado,Aurora,73.181.37.26,2015-10-06 02:13:46,
United States,Idaho,Sandpoint,50.37.64.43,2015-10-05 18:18:07,
Singapore,,Singapore,218.186.166.197,2015-10-05 14:56:17,
Japan,,,172.94.27.36,2015-10-04 17:15:43,
New Zealand,,,121.75.202.227,2015-10-04 05:06:14,
China,Shanghai Shi,Shanghai,58.37.210.239,2015-10-03 09:07:33,
Japan,,,172.94.27.61,2015-10-03 07:13:45,
Iran,Ostan-e Kordestan,Khorasan,2.180.238.250,2015-10-03 05:46:26,
Japan,,,172.94.27.11,2015-10-03 03:24:48,
United States,,,70.208.31.90,2015-10-02 22:11:29,
United States,District of Columbia,Washington,166.7.240.243,2015-10-02 15:20:37,
Singapore,,Singapore,218.186.175.122,2015-10-02 14:41:11,
United States,Minnesota,Austin,96.42.233.205,2015-10-02 00:54:05,
United States,Texas,Denton,71.240.168.130,2015-10-01 21:04:46,
United States,Michigan,Houghton,141.219.191.6,2015-10-01 16:27:04,
Chile,,,191.112.87.208,2015-10-01 15:08:42,
United States,Montana,Bozeman,153.90.214.73,2015-09-30 20:36:44,
United States,District of Columbia,Washington,166.5.125.89,2015-09-30 20:26:27,
United States,California,La Jolla,137.110.83.148,2015-09-30 20:22:24,
United States,Colorado,Fort Collins,129.82.198.11,2015-09-29 19:00:47,
United States,Oregon,Pilot Rock,166.6.137.192,2015-09-29 16:49:30,
United States,North Dakota,Bismarck,96.3.77.224,2015-09-27 18:19:03,
United States,Illinois,Urbana,199.184.122.7,2015-09-27 12:28:36,
Germany,,,86.103.152.25,2015-09-27 10:47:05,
United States,Utah,Salt Lake City,67.2.26.226,2015-09-26 20:54:34,
Canada,,,207.228.78.134,2015-09-26 15:31:56,
United States,Washington,Pullman,66.62.115.85,2015-09-26 06:40:46,
United States,Nevada,Las Vegas,68.108.153.26,2015-09-26 02:20:53,
United States,Utah,Roy,67.2.39.95,2015-09-25 23:15:54,
Canada,,,209.52.88.177,2015-09-25 20:52:40,
Canada,,,209.52.88.201,2015-09-25 16:25:22,
Canada,Ontario,Markham,206.47.39.210,2015-09-25 12:15:04,
United States,Idaho,Hailey,67.129.143.98,2015-09-25 03:09:57,
United States,Pennsylvania,Harrisburg,71.113.154.33,2015-09-24 19:56:36,
United States,Pennsylvania,Altoona,72.28.197.142,2015-09-24 19:04:27,
Japan,,,172.94.27.14,2015-09-24 14:44:45,
United States,Wisconsin,Menomonie,144.13.89.209,2015-09-24 14:24:06,
United States,,,50.43.197.22,2015-09-24 13:59:34,
United States,,,70.214.40.13,2015-09-23 22:27:03,
Argentina,Santiago del Estero,El Hoyo,186.56.4.3,2015-09-23 00:48:04,
Japan,,,172.94.27.25,2015-09-22 14:22:59,
China,Guangdong,Luohu,104.37.2.28,2015-09-22 07:54:52,
China,Shanghai Shi,Shanghai,58.37.209.184,2015-09-22 06:27:29,
China,Guangdong,Luohu,104.37.2.43,2015-09-22 05:43:36,
Brazil,,,179.105.16.105,2015-09-22 00:18:26,
Canada,,,209.52.88.205,2015-09-21 23:24:52,
United States,District of Columbia,Washington,166.7.29.172,2015-09-21 22:19:12,
China,Guangdong,Luohu,104.37.2.24,2015-09-21 16:41:33,
China,Shanghai Shi,Shanghai,124.78.75.167,2015-09-21 09:58:52,
United States,California,Sacramento,70.211.64.9,2015-09-20 12:14:50,
Indonesia,Daerah Khusus Ibukota Jakarta,Jakarta,114.5.12.34,2015-09-20 09:30:19,
United States,Idaho,Moscow,98.145.155.122,2015-09-20 08:31:15,
United States,,,70.214.41.197,2015-09-19 23:41:01,
United States,Oregon,,70.210.135.226,2015-09-19 16:25:37,
United States,Washington,Brewster,50.125.126.2,2015-09-19 16:21:40,
United States,California,Auberry,209.234.222.69,2015-09-19 14:37:19,
United States,California,Riverside,170.144.92.37,2015-09-18 18:51:17,
United States,Idaho,McCall,74.39.141.93,2015-09-18 17:02:16,
United States,California,Patterson,70.211.68.83,2015-09-18 14:42:17,
United States,Idaho,McCall,74.39.138.142,2015-09-18 11:42:34,
Canada,Alberta,St. Albert,142.94.228.27,2015-09-18 10:44:59,
United States,,,70.214.32.157,2015-09-18 03:06:25,
United States,California,Oakland,75.36.236.176,2015-09-18 00:34:27,
United States,California,Riverside,170.144.87.185,2015-09-17 21:39:00,
United States,New Mexico,Santa Fe,166.3.81.153,2015-09-17 21:28:15,
United States,California,Sacramento,70.211.66.124,2015-09-17 17:01:01,
United States,Idaho,Riggins,74.39.140.19,2015-09-17 14:05:56,
France,,,193.48.138.185,2015-09-17 12:44:01,
United States,North Carolina,Fayetteville,70.193.0.24,2015-09-17 09:39:23,
Chile,,,191.112.30.247,2015-09-16 18:39:24,
United States,Texas,Houston,104.37.3.142,2015-09-16 08:17:59,
Australia,New South Wales,Sydney,101.174.192.224,2015-09-16 08:02:33,
United States,California,Auberry,23.29.7.194,2015-09-16 02:37:23,
United States,Texas,Houston,104.37.3.118,2015-09-16 02:33:39,
United States,,,70.199.168.170,2015-09-16 01:19:48,
United States,California,Riverside,170.144.101.200,2015-09-15 18:30:47,
United States,,,70.214.15.93,2015-09-15 17:32:42,
United States,,,64.55.107.3,2015-09-15 15:47:41,
Australia,New South Wales,Sydney,27.99.2.159,2015-09-15 11:32:26,
China,Shanghai Shi,Shanghai,124.78.89.84,2015-09-15 06:36:25,
United States,Hawaii,Honolulu,50.113.41.218,2015-09-15 02:06:49,
United States,California,Richmond,70.197.7.61,2015-09-15 01:36:23,
United States,Washington,,70.199.134.181,2015-09-15 00:48:42,
United States,Oregon,Lebanon,72.160.184.6,2015-09-15 00:13:02,
United States,District of Columbia,Washington,166.5.207.55,2015-09-15 00:00:56,
,,,216.10.62.36,2015-09-14 20:12:16,
United States,California,Castroville,172.242.98.213,2015-09-14 14:36:38,
United States,Idaho,Pollock,184.11.72.150,2015-09-14 11:49:22,
Germany,Rheinland-Pfalz,Rheinbollen,79.225.29.174,2015-09-14 09:34:51,
Japan,,,172.94.27.39,2015-09-14 01:26:02,
United States,District of Columbia,Washington,166.5.96.161,2015-09-14 00:19:27,
United States,,,70.199.169.183,2015-09-13 23:28:07,
United States,California,Riverside,170.144.90.189,2015-09-13 21:30:31,
United States,California,Crescent City,68.113.38.136,2015-09-13 18:59:23,
United States,Washington,Tacoma,70.199.130.57,2015-09-13 15:01:22,
Portugal,,,188.140.61.146,2015-09-13 13:50:57,
United States,Washington,Brewster,50.125.126.157,2015-09-13 12:50:01,
Japan,,,172.94.27.69,2015-09-13 08:02:50,
United States,,,70.199.172.253,2015-09-13 01:26:46,
Taiwan,,,192.253.254.146,2015-09-13 01:17:01,
United States,California,Riverside,170.144.90.17,2015-09-12 21:14:52,
Germany,Rheinland-Pfalz,Boppard,79.225.6.13,2015-09-12 17:02:01,
United States,Montana,Missoula,192.160.47.133,2015-09-12 16:01:01,
United States,,,67.142.177.21,2015-09-12 15:38:28,
United States,Montana,Missoula,192.160.47.166,2015-09-12 15:33:06,
United States,California,Riverside,170.144.89.179,2015-09-12 14:50:41,
Taiwan,,,192.253.254.183,2015-09-12 14:01:46,
China,Shanghai Shi,Shanghai,124.78.73.39,2015-09-12 06:15:37,
Taiwan,,,192.253.254.180,2015-09-12 03:57:10,
United States,California,Riverside,170.144.100.64,2015-09-12 02:58:51,
China,Shanghai Shi,Shanghai,114.86.74.86,2015-09-12 00:55:19,
United States,Washington,Tacoma,70.199.129.213,2015-09-11 23:22:58,
Canada,New Brunswick,Fredericton,131.202.152.67,2015-09-11 16:42:31,
Portugal,,,2.80.24.201,2015-09-11 12:21:01,
United States,California,Riverside,170.144.102.170,2015-09-11 02:33:47,
United States,Minnesota,,70.197.226.186,2015-09-10 21:05:07,
United States,Washington,East Wenatchee,50.125.182.25,2015-09-10 20:45:26,
United States,,,166.164.89.52,2015-09-10 19:13:33,
United States,California,Riverside,170.144.98.127,2015-09-10 12:14:11,
United States,Washington,Omak,63.142.196.197,2015-09-10 01:00:08,
United States,California,Riverside,170.144.105.215,2015-09-10 00:46:51,
United States,Oregon,Tillamook,67.232.65.26,2015-09-09 23:21:30,
United States,District of Columbia,Washington,166.6.246.173,2015-09-09 20:50:48,
United States,District of Columbia,Washington,166.7.25.239,2015-09-09 19:18:47,
,,,216.10.60.43,2015-09-09 18:14:03,
United States,,,207.118.126.49,2015-09-09 16:25:22,
United States,California,Riverside,170.144.105.84,2015-09-09 15:14:51,
United States,Washington,Tacoma,70.199.129.64,2015-09-09 15:11:38,
Australia,Victoria,Melbourne,128.250.0.71,2015-09-09 01:29:21,
United States,Washington,,70.199.133.57,2015-09-08 22:32:40,
United States,California,Riverside,170.144.85.89,2015-09-08 22:02:27,
United States,California,Riverside,170.144.100.33,2015-09-08 17:28:24,
Portugal,,,2.80.32.11,2015-09-08 16:20:21,
United States,,,73.140.39.181,2015-09-08 14:32:54,
Mongolia,Ulaanbaatar Hot,Ulan Bator,150.129.142.72,2015-09-08 12:15:24,
Spain,,,77.27.240.228,2015-09-07 15:04:10,
United States,Montana,Eureka,162.244.175.177,2015-09-07 14:37:43,
United States,Oregon,The Dalles,67.237.111.168,2015-09-07 00:54:40,
United States,California,Riverside,170.144.97.126,2015-09-06 18:49:38,
Romania,,,89.44.180.214,2015-09-06 14:27:14,
Iran,,,2.176.141.238,2015-09-06 02:46:15,
United States,Idaho,New Meadows,74.39.136.212,2015-09-05 17:55:13,
United States,Washington,Omak,63.142.196.199,2015-09-05 17:26:54,
Iran,,,2.176.153.243,2015-09-05 16:54:07,
Argentina,Buenos Aires F.D.,Buenos Aires,190.1.3.77,2015-09-05 16:29:11,
United States,California,Riverside,170.144.86.106,2015-09-05 13:47:04,
Iran,,,2.176.97.186,2015-09-04 20:41:47,
Canada,Alberta,Edmonton,129.128.55.151,2015-09-04 20:36:55,
United States,Oregon,Lebanon,72.160.91.108,2015-09-04 17:38:57,
United States,California,Riverside,170.144.97.130,2015-09-04 15:28:51,
Spain,,,85.60.81.81,2015-09-04 10:22:58,
United States,District of Columbia,Washington,166.2.178.153,2015-09-03 22:02:36,
United States,Nebraska,Chadron,23.29.83.139,2015-09-03 20:17:02,
Japan,,,150.70.173.59,2015-09-03 18:28:34,
Canada,Alberta,Edmonton,142.229.86.90,2015-09-03 16:55:57,
Japan,,,150.70.173.43,2015-09-03 15:23:34,
United States,Montana,Billings,184.167.0.26,2015-09-02 18:17:28,
Canada,New Brunswick,Fredericton,131.202.152.139,2015-09-02 17:58:05,
United States,Idaho,Pollock,184.11.73.125,2015-09-02 17:41:07,
United States,Washington,East Wenatchee,50.125.125.157,2015-09-02 17:36:54,
United States,Montana,Missoula,166.7.27.199,2015-09-02 15:53:17,
Andorra,,,194.158.78.231,2015-09-02 12:50:10,
Spain,Murcia,Murcia,147.84.162.117,2015-09-02 10:54:37,
Germany,Rheinland-Pfalz,Mainz,79.225.45.231,2015-09-01 18:24:07,
Spain,,,217.130.241.226,2015-09-01 10:06:14,
Spain,Canary Islands,La Mancha Blanca,89.107.241.128,2015-08-31 15:26:35,
Chile,Region de Los Rios,Valdivia,190.95.24.12,2015-08-31 08:46:49,
Spain,Canary Islands,La Mancha Blanca,161.67.99.28,2015-08-31 08:14:25,
United States,,,99.197.33.215,2015-08-31 02:17:19,
United States,,,70.214.34.236,2015-08-31 00:24:43,
United States,,,71.13.171.178,2015-08-30 22:16:03,
United States,,,97.33.130.104,2015-08-30 21:49:21,
Spain,,,79.148.41.23,2015-08-30 21:09:13,
United States,Idaho,,70.208.14.107,2015-08-30 17:56:28,
United States,California,Eureka,172.243.154.170,2015-08-30 15:27:32,
United States,Washington,,64.134.134.96,2015-08-30 04:00:15,
United States,Texas,Keller,206.160.141.1,2015-08-30 01:46:19,
United States,,,70.214.39.232,2015-08-29 20:28:39,
United States,Washington,Seattle,216.186.0.66,2015-08-29 18:53:56,
United States,Colorado,Denver,75.166.116.50,2015-08-29 18:01:40,
United States,,,70.208.13.21,2015-08-29 17:51:02,
United States,,,70.208.2.150,2015-08-29 11:50:40,
United States,,,70.208.11.180,2015-08-29 03:18:08,
Japan,,,150.70.97.122,2015-08-28 19:58:13,
Canada,Quebec,Longueuil,69.70.54.118,2015-08-28 19:56:52,
Canada,,,209.52.88.246,2015-08-28 18:05:13,
United States,District of Columbia,Washington,166.6.214.134,2015-08-28 17:16:20,
Canada,Alberta,Edmonton,142.229.107.7,2015-08-28 16:03:15,
United States,,,70.214.37.15,2015-08-28 12:39:51,
United States,California,Riverside,170.144.94.99,2015-08-28 12:39:19,
United States,California,Patterson,70.211.70.81,2015-08-28 04:23:28,
China,Fujian,Fuzhou,117.25.108.159,2015-08-28 01:09:55,
United States,California,Potter Valley,99.197.203.78,2015-08-27 21:26:36,
Canada,,,207.228.78.41,2015-08-27 18:14:27,
Chile,Santiago Metropolitan,Santiago,181.202.36.94,2015-08-27 14:25:29,
Germany,Mecklenburg-Vorpommern,Greifswald,141.53.38.98,2015-08-27 12:54:20,
United States,Oregon,Haines,173.239.86.79,2015-08-27 12:41:15,
United States,Montana,Lincoln,76.75.45.111,2015-08-27 12:02:08,
Republic of Korea,Seoul,Seoul,115.145.142.212,2015-08-27 09:20:47,
United States,,,12.171.252.67,2015-08-27 06:21:59,
United States,,,68.116.18.174,2015-08-27 05:48:05,
United States,,,172.243.148.47,2015-08-27 03:29:38,
United States,District of Columbia,Washington,166.7.66.146,2015-08-27 00:53:28,
United States,Colorado,Denver,70.196.207.28,2015-08-26 23:35:50,
United States,Montana,Missoula,66.109.141.203,2015-08-26 23:05:06,
Japan,,,150.70.173.14,2015-08-26 18:33:39,
United States,Montana,Missoula,192.160.47.145,2015-08-26 16:18:11,
Spain,Aragon,Zaragoza,88.1.27.55,2015-08-26 14:11:49,
United States,California,Folsom,70.211.77.46,2015-08-26 13:42:55,
United States,Oregon,John Day,67.215.38.88,2015-08-26 12:22:55,
United States,District of Columbia,Washington,166.7.137.89,2015-08-25 20:53:36,
United States,Utah,,70.208.8.147,2015-08-25 20:23:36,
United States,Montana,Missoula,166.7.27.121,2015-08-25 20:13:00,
United States,,,70.214.45.182,2015-08-25 16:15:49,
United States,Florida,Titusville,71.43.142.35,2015-08-25 08:16:42,
United States,Idaho,Pocatello,134.50.103.129,2015-08-25 01:48:04,
United States,New York,Bohemia,198.206.38.124,2015-08-24 16:31:54,
United States,Oregon,John Day,67.215.38.22,2015-08-24 15:39:30,
Canada,British Columbia,Victoria,142.26.148.101,2015-08-24 15:33:33,
United States,,,70.208.2.58,2015-08-24 13:38:07,
United States,,,70.214.36.139,2015-08-24 02:10:08,
United States,,,70.199.167.114,2015-08-24 00:37:46,
Canada,New Brunswick,Fredericton,198.164.160.211,2015-08-23 23:54:49,
United States,California,Artesia,172.243.144.139,2015-08-23 22:20:47,
United States,,,73.11.27.63,2015-08-23 18:35:35,
United States,California,Riverside,170.144.68.57,2015-08-23 17:33:59,
United States,Washington,Davenport,169.204.230.14,2015-08-23 02:31:41,
United States,Oregon,Baker City,198.237.96.1,2015-08-22 19:24:45,
United States,Washington,,70.199.135.78,2015-08-22 17:51:54,
United States,California,Merced,76.254.101.58,2015-08-22 03:06:30,
United States,District of Columbia,Washington,166.7.227.132,2015-08-22 01:37:26,
United States,Oregon,,70.210.138.69,2015-08-22 01:09:07,
United States,,,70.214.37.211,2015-08-21 23:21:02,
United States,,,174.27.118.25,2015-08-21 21:01:02,
United States,Maine,Orono,130.111.108.84,2015-08-21 19:10:48,
United States,California,Riverside,170.144.66.4,2015-08-21 16:27:06,
Australia,,,210.1.215.15,2015-08-21 10:54:43,
United States,,,70.208.21.108,2015-08-21 03:38:43,
United States,California,San Jose,70.197.10.211,2015-08-20 23:24:14,
Chile,Santiago Metropolitan,Santiago,181.202.198.30,2015-08-20 15:22:10,
United States,Montana,Plains,216.14.233.131,2015-08-20 15:01:23,
United States,California,Riverside,170.144.64.186,2015-08-20 12:54:37,
United States,California,Riverside,170.144.111.67,2015-08-19 18:20:16,
Canada,Quebec,Montreal,142.217.189.130,2015-08-19 18:08:04,
Canada,Quebec,Montreal,142.217.84.176,2015-08-19 17:58:29,
United States,,,70.208.13.30,2015-08-19 17:53:03,
United States,,,107.77.97.58,2015-08-19 17:14:19,
United States,California,Riverside,170.144.110.217,2015-08-19 17:13:39,
Canada,New Brunswick,Fredericton,131.202.152.32,2015-08-19 15:30:36,
United States,Oregon,Otis,74.4.181.204,2015-08-19 05:00:05,
United States,California,Hume,198.91.127.2,2015-08-18 23:06:16,
United States,Oregon,,70.210.140.19,2015-08-18 20:47:17,
Chile,Santiago Metropolitan,Santiago,181.202.186.224,2015-08-18 20:29:03,
United States,Utah,Salt Lake City,67.2.11.16,2015-08-18 18:05:23,
United States,District of Columbia,Washington,166.6.35.59,2015-08-18 17:32:26,
Spain,,,80.103.175.171,2015-08-18 13:35:31,
United States,Oregon,,70.210.136.18,2015-08-18 03:16:30,
Australia,South Australia,Streaky Bay,129.96.82.199,2015-08-18 01:07:29,
Australia,South Australia,Streaky Bay,129.96.87.182,2015-08-18 00:50:41,
Australia,South Australia,Streaky Bay,129.96.84.249,2015-08-18 00:40:33,
South Africa,,,105.210.199.21,2015-08-18 00:23:34,
Australia,South Australia,Streaky Bay,129.96.87.236,2015-08-18 00:19:13,
Australia,South Australia,Streaky Bay,129.96.82.54,2015-08-18 00:06:39,
Australia,South Australia,Streaky Bay,129.96.87.49,2015-08-18 00:03:21,
Australia,South Australia,Streaky Bay,129.96.87.212,2015-08-17 23:57:29,
Australia,South Australia,Streaky Bay,129.96.84.225,2015-08-17 23:54:56,
Australia,South Australia,Streaky Bay,129.96.82.55,2015-08-17 23:54:03,
Australia,South Australia,Streaky Bay,129.96.87.219,2015-08-17 23:51:03,
Australia,South Australia,Streaky Bay,129.96.84.80,2015-08-17 23:49:56,
Australia,South Australia,Streaky Bay,129.96.87.110,2015-08-17 23:46:54,
Australia,South Australia,Streaky Bay,129.96.85.75,2015-08-17 23:43:03,
Australia,South Australia,Streaky Bay,129.96.81.182,2015-08-17 23:42:58,
Australia,South Australia,Streaky Bay,129.96.86.6,2015-08-17 23:40:57,
Australia,South Australia,Streaky Bay,129.96.80.68,2015-08-17 23:40:56,
Australia,South Australia,Streaky Bay,129.96.84.157,2015-08-17 23:38:45,
Australia,South Australia,Streaky Bay,129.96.84.100,2015-08-17 23:38:12,
United States,,,184.63.174.216,2015-08-17 23:37:01,
Australia,South Australia,Streaky Bay,129.96.85.106,2015-08-17 23:27:57,
Australia,South Australia,Streaky Bay,129.96.86.123,2015-08-17 23:24:33,
Australia,South Australia,Adelaide,118.211.6.190,2015-08-17 23:18:47,
United States,Oregon,Baker City,66.62.61.180,2015-08-17 21:22:53,
United States,Montana,Eureka,162.217.230.62,2015-08-17 17:44:53,
Germany,Schleswig-Holstein,Kiel,86.103.243.242,2015-08-17 16:30:55,
United States,California,Riverside,170.144.101.82,2015-08-17 15:30:05,
United States,California,Riverside,170.144.118.162,2015-08-17 14:21:42,
United States,Nevada,Empire,134.197.190.184,2015-08-17 09:20:19,
Australia,South Australia,Streaky Bay,129.96.82.192,2015-08-17 07:13:19,
United States,California,Sacramento,70.211.67.179,2015-08-17 05:13:33,
United States,California,Los Angeles,70.211.136.179,2015-08-17 01:24:30,
United States,Oregon,,70.210.138.64,2015-08-16 23:21:43,
United States,Washington,Everett,169.204.182.4,2015-08-16 23:15:23,
United States,California,Sacramento,70.211.65.220,2015-08-16 23:14:47,
United States,California,Riverside,170.144.101.41,2015-08-16 20:37:06,
United States,,,70.212.132.195,2015-08-16 20:13:12,
United States,California,Riverside,170.144.122.145,2015-08-16 17:18:26,
Japan,,,150.70.173.12,2015-08-16 17:10:18,
United States,,,70.208.7.242,2015-08-16 15:55:25,
United States,Idaho,,70.208.15.111,2015-08-16 15:17:07,
Vietnam,Thanh Pho Ha Noi,Hanoi,171.248.113.44,2015-08-16 08:26:56,
United States,California,Riverside,170.144.122.87,2015-08-16 03:07:52,
United States,District of Columbia,Washington,166.5.171.89,2015-08-15 19:09:26,
United States,California,Riverside,170.144.118.18,2015-08-15 19:09:15,
United States,,,70.214.35.41,2015-08-15 18:45:26,
United States,California,Riverside,170.144.122.54,2015-08-15 18:29:44,
United States,District of Columbia,Washington,166.6.172.216,2015-08-15 17:21:06,
United States,California,Riverside,170.144.125.176,2015-08-15 14:50:33,
United States,Oregon,,70.210.133.197,2015-08-15 12:25:03,
United States,California,Riverside,170.144.120.2,2015-08-15 04:20:14,
United States,Washington,Graham,184.21.209.5,2015-08-15 00:16:16,
United States,California,San Jose,70.197.9.60,2015-08-15 00:13:23,
United States,District of Columbia,Washington,166.5.171.93,2015-08-14 23:31:25,
United States,Oregon,,70.210.130.115,2015-08-14 21:36:16,
United States,District of Columbia,Washington,166.3.42.95,2015-08-14 20:42:28,
United States,,,70.198.50.134,2015-08-14 16:56:48,
United States,California,Oakland,75.36.238.27,2015-08-14 16:29:20,
United States,California,Patterson,70.211.70.1,2015-08-14 15:43:32,
United States,Ohio,Pedro,99.197.93.45,2015-08-14 12:09:26,
Germany,Schleswig-Holstein,Kiel,86.103.243.172,2015-08-14 07:48:39,
United States,Tennessee,Memphis,70.215.129.162,2015-08-14 06:07:57,
United States,California,Riverside,170.144.126.247,2015-08-13 21:29:36,
United States,District of Columbia,Washington,165.83.132.248,2015-08-13 19:48:12,
Chile,,,190.22.167.235,2015-08-13 13:05:10,
United Kingdom,Northern Ireland,Jordanstown,193.61.148.115,2015-08-13 12:27:34,
United States,Oregon,,70.210.130.75,2015-08-13 01:02:46,
United States,Montana,Missoula,192.160.47.151,2015-08-13 00:10:13,
Canada,Alberta,Edmonton,142.229.105.248,2015-08-12 22:22:39,
United States,Oregon,,70.210.134.77,2015-08-12 21:13:33,
United States,Oregon,,70.210.131.119,2015-08-12 13:16:21,
Spain,,,80.30.9.136,2015-08-12 12:47:37,
United States,,,70.214.41.89,2015-08-11 22:29:01,
United States,,,63.158.214.234,2015-08-11 22:09:40,
United States,District of Columbia,Washington,166.7.24.97,2015-08-11 15:00:08,
United States,,,70.214.36.47,2015-08-11 00:45:32,
United States,District of Columbia,Washington,166.6.202.148,2015-08-10 20:58:20,
Vietnam,Thanh Pho Ha Noi,Hanoi,171.248.5.74,2015-08-10 12:57:35,
Spain,Aragon,Mezalocha,83.33.31.212,2015-08-10 08:01:24,
Vietnam,Thanh Pho Ha Noi,Hanoi,113.20.114.175,2015-08-10 07:35:47,
Australia,South Australia,Streaky Bay,129.96.82.175,2015-08-10 02:13:06,
United States,California,Weaverville,184.21.204.203,2015-08-10 01:39:49,
United States,,,97.33.128.21,2015-08-09 02:26:46,
United States,California,Patterson,70.211.68.189,2015-08-09 00:27:27,
United States,Oregon,,70.210.130.91,2015-08-08 21:25:10,
United States,Oregon,La Grande,50.45.163.218,2015-08-08 18:18:19,
United States,Oregon,,70.210.138.182,2015-08-08 15:44:41,
United States,Oregon,La Grande,50.45.163.114,2015-08-08 05:00:06,
United States,Connecticut,Wethersfield,70.215.10.221,2015-08-08 02:11:48,
United States,Connecticut,Wethersfield,70.215.11.87,2015-08-07 23:52:56,
United States,Oregon,,70.210.130.86,2015-08-07 22:41:52,
United States,Tennessee,Sparta,97.81.50.115,2015-08-07 19:27:38,
United States,,,104.235.0.180,2015-08-07 17:11:37,
Canada,New Brunswick,Fredericton,131.202.152.65,2015-08-07 16:34:33,
United States,,,99.152.19.214,2015-08-07 16:28:56,
